,Reaction ID
0,31049438
1,33050175
2,33135074
3,33457370
4,33457377
5,33961964
6,34039104
7,34047386
8,34627617
9,35717906
10,35963701
11,36230897
12,37198268
13,37198907
14,37313200
15,37505471
16,37505704
17,37524824
18,37524835
19,37524857
20,37524859
21,37540404
22,38015079
23,38015084
24,38015089
25,38015121
26,38018013
27,38018015
28,38059069
29,38455676
30,38455692
31,38455693
32,38455694
33,38937341
34,39271988
35,39755111
36,39849960
37,40117590
38,40387660
39,42393284
40,42503983
41,42928589
42,42928611
43,43069685
44,44381115
45,45005003
46,45088168
47,45103963
48,45103980
49,45103981
50,45246723
51,45296688
52,45446581
53,45446619
54,45529940
55,45529941
56,45667098
57,45723705
58,45938411
59,45938441
60,46319906
61,46453321
62,46453330
63,46453335
64,46453339
65,46486215
66,46898335
67,46913226
68,46913338
69,46913340
70,46913341
71,46913342
72,46913344
73,46913363
74,46913371
75,46913406
76,46913409
77,46913412
78,46913443
79,46913450
80,46913451
81,46913481
82,46913482
83,46913484
84,46913485
85,46913486
86,46913488
87,46971937
88,46971943
89,47713573
90,47770094
91,47875542
92,48032880
93,48156749
94,48156751
95,48156752
96,48278317
97,48329309
98,48329417
99,48395058
100,48395061
101,48540085
102,49004162
103,50054846
104,50874951
105,51112186
106,51112187
107,51112189
108,51112213
109,51112215
110,51132227
111,51250557
112,51272846
113,51310396
114,51582353
115,51582364
116,53005882
117,54035286
118,54760761
119,55403053
120,56135411
121,56135422
122,57236175
123,57236184
124,57236196
125,58468017
126,59091494
127,59380979
128,59549425
129,4828213
130,4830197
131,4977790
132,8672914
133,8676059
134,8709652
135,9149893
136,9640793
137,9650930
138,9650931
139,9650932
140,9651390
141,9651391
142,9651392
143,9653442
144,9653443
145,9659761
146,9675587
147,9777989
148,9778821
149,9810355
150,9812862
151,9812943
152,9827138
153,9828720
154,9828915
155,9829183
156,9969787
157,9974342
158,10054573
159,10141490
160,10144607
161,10242744
162,10242841
163,10289620
164,10322860
165,10365395
166,10399085
167,10502441
168,10504780
169,10711053
170,11040119
171,11040120
172,11040121
173,11040130
174,11061164
175,11070081
176,11070091
177,11109313
178,11109321
179,11133438
180,11133442
181,11147228
182,11175750
183,11175757
184,11232541
185,11235579
186,11235602
187,11235603
188,11235607
189,11235612
190,25931603
191,25953521
192,25955748
193,26005421
194,26021769
195,26021770
196,26040170
197,28509788
198,28595867
199,28601889
200,28728568
201,28835089
202,28915494
203,29174339
204,29432866
205,29597335
206,29780622
207,29917846
208,30527440
209,30944697
210,31049381
211,31592748
212,31657434
213,33961971
214,34720320
215,35362587
216,35573539
217,35757402
218,35757453
219,35963711
220,36230885
221,36230900
222,36271797
223,36462435
224,37199002
225,37716309
226,38004129
227,38015078
228,38015081
229,38015090
230,38017863
231,38059075
232,38204123
233,38455716
234,38581247
235,38581256
236,38581259
237,38581262
238,38581265
239,38581268
240,38581302
241,38712651
242,39161987
243,39162004
244,39211250
245,39386632
246,39849964
247,39849972
248,40075380
249,40087345
250,40511848
251,40511850
252,40511856
253,40511864
254,40704151
255,40704153
256,40704155
257,40807004
258,41056986
259,41331401
260,41675287
261,42205900
262,42365062
263,43069682
264,43069701
265,43069703
266,44030908
267,44030930
268,45088166
269,45088167
270,45103968
271,45103978
272,45103984
273,45446576
274,45446596
275,45504858
276,45667099
277,45677716
278,45919012
279,46230282
280,46453325
281,46453326
282,46453331
283,46453332
284,46453340
285,46453342
286,46882051
287,46913337
288,46913345
289,46913411
290,46913413
291,46913446
292,46913447
293,46971919
294,46997924
295,47490042
296,47817342
297,47817343
298,47817345
299,47817347
300,47817349
301,47817351
302,47817352
303,47817353
304,47817355
305,47817360
306,47817361
307,48032883
308,48075041
309,48261022
310,48278314
311,49146363
312,49160840
313,49247581
314,50574749
315,50614608
316,50762309
317,51582355
318,52150730
319,52839480
320,53005879
321,53005880
322,53005883
323,53153775
324,54438039
325,54760759
326,54760760
327,55166624
328,56911917
329,56911918
330,57236414
331,59498688
332,4828247
333,8705385
334,8705386
335,8738713
336,8894207
337,8926589
338,8940353
339,9200469
340,9309901
341,9649546
342,9662199
343,9787264
344,9810350
345,10139158
346,10159196
347,10369632
348,10369687
349,10392458
350,10392474
351,10399153
352,10414310
353,10495969
354,10502170
355,10504779
356,11032693
357,11040122
358,11040123
359,11040125
360,11040126
361,11040133
362,11045401
363,11070086
364,11133449
365,11147227
366,11151925
367,11174245
368,11187158
369,11235613
370,11239757
371,11239768
372,23411857
373,25998156
374,26005438
375,26005441
376,26040163
377,26040164
378,26040166
379,28211234
380,28220835
381,28311409
382,28311414
383,28660102
384,28763064
385,29059710
386,29077147
387,29280316
388,29280317
389,29280327
390,29280329
391,29280330
392,29280332
393,30034024
394,30036092
395,30036101
396,30201890
397,31039432
398,31379688
399,31496091
400,31496116
401,32435766
402,32435767
403,32435769
404,32435770
405,32435771
406,32435772
407,32435773
408,32435843
409,32435844
410,32435845
411,32435846
412,32435847
413,32435871
414,34039116
415,34047385
416,34651147
417,34720321
418,35963712
419,36230889
420,37152557
421,37566267
422,37668932
423,38004130
424,38059071
425,39161971
426,39162003
427,39349406
428,39436495
429,39849958
430,40372578
431,40511846
432,42022471
433,44448690
434,45103972
435,45103974
436,45103975
437,45103983
438,45103985
439,45246672
440,46453341
441,46898336
442,46898337
443,46898338
444,46898340
445,46898341
446,46898345
447,47713603
448,47875541
449,48278351
450,48746663
451,51310385
452,53005881
453,53751959
454,54472171
455,55680415
456,55765425
457,56368119
458,58934784
459,58934790
460,58934792
461,58934793
462,58934794
463,58934798
464,58934800
465,58934806
466,58934807
467,58934808
468,58934809
469,58934810
470,58934811
471,58934818
472,58934844
473,58934846
474,59380980
475,59380989
476,59549388
477,4828262
478,8863010
479,8866255
480,8894205
481,9177171
482,9239748
483,9679701
484,9771224
485,9815077
486,9822368
487,9825429
488,9827238
489,9932560
490,9954063
491,9971607
492,10046638
493,10046639
494,10046640
495,10068061
496,10068062
497,10068063
498,10144615
499,10290938
500,10322701
501,10322702
502,10326286
503,10368040
504,10368920
505,10369816
506,10369829
507,10386784
508,10419423
509,10457905
510,10502171
511,10502440
512,11032694
513,11040124
514,11040132
515,11087018
516,11087023
517,11109312
518,11109318
519,11133443
520,11223103
521,11235554
522,11235589
523,11235610
524,11235614
525,11239763
526,11239764
527,11243683
528,11243685
529,26005440
530,26021747
531,26040158
532,26040159
533,26040161
534,26040165
535,26051573
536,28220826
537,28220832
538,28220833
539,28311404
540,28311413
541,28551090
542,28642561
543,28886824
544,29077244
545,29095844
546,29280315
547,29280318
548,29280321
549,29280325
550,29819347
551,30036106
552,31029575
553,31496026
554,31530075
555,31530090
556,31593364
557,31657433
558,32435775
559,32808778
560,33050059
561,33135072
562,33260978
563,33598941
564,33802376
565,38059102
566,38936310
567,39849934
568,39849969
569,40704160
570,40704163
571,41575595
572,45103956
573,45103966
574,45103977
575,45103982
576,45296647
577,45938620
578,46828678
579,46898339
580,46898342
581,46898343
582,46898344
583,46898346
584,47304687
585,47875546
586,47901012
587,48156746
588,48278318
589,48278319
590,48278339
591,48278352
592,48278353
593,48278356
594,48725065
595,49247624
596,50132071
597,50614607
598,51331286
599,51582376
600,53961900
601,54035288
602,54035306
603,54636520
604,54725716
605,54888727
606,55288149
607,55587467
608,56121469
609,57273851
610,58452091
611,58934782
612,58934783
613,58934787
614,58934796
615,58934799
616,58934812
617,58934815
618,58934816
619,58934817
620,58934850
621,58934852
622,58934853
623,58934855
624,59091585
625,59091592
626,8705383
627,8742150
628,8769615
629,8935667
630,8939834
631,8940604
632,8941681
633,8941901
634,8961111
635,9189268
636,9237565
637,9269805
638,9654379
639,9766527
640,9799277
641,9804368
642,9804412
643,9810483
644,9810503
645,9810533
646,9898763
647,9951136
648,10049283
649,10144608
650,10144614
651,10325069
652,10369668
653,10386792
654,10455372
655,10455653
656,10497983
657,10497985
658,11032695
659,11045404
660,11045405
661,11070085
662,11087022
663,11109309
664,11109314
665,11109320
666,11133441
667,11225166
668,11239758
669,11273508
670,26005437
671,26014496
672,26051576
673,27944640
674,27973813
675,28196878
676,28196881
677,28196906
678,28196907
679,28196909
680,28196911
681,28229981
682,28229982
683,28229999
684,28642558
685,28642560
686,28893863
687,28893882
688,28893883
689,28893885
690,28893887
691,28893889
692,28893894
693,28894390
694,28894399
695,29125118
696,29125119
697,29129369
698,29204370
699,29204379
700,29280322
701,29280323
702,29280324
703,29819345
704,30036103
705,30036105
706,30036107
707,30455876
708,30527433
709,30527435
710,31029579
711,31029582
712,31496024
713,31593365
714,32435804
715,32435872
716,32801139
717,33802377
718,33906202
719,34047298
720,34720324
721,35102478
722,35492330
723,35492331
724,35573537
725,35573538
726,36073727
727,36123410
728,37081617
729,37642685
730,37668917
731,37668918
732,37668920
733,37668921
734,37668927
735,37668928
736,37668930
737,37668931
738,37668933
739,38204125
740,38936309
741,39077021
742,39161994
743,39199683
744,39849933
745,39849959
746,39849962
747,39849963
748,39849965
749,39849967
750,39849968
751,40372585
752,41331399
753,42278457
754,44503219
755,44503220
756,45103955
757,45103958
758,45103969
759,45103979
760,45256106
761,45792062
762,46142396
763,47304568
764,47304691
765,47875551
766,47875552
767,48278341
768,48278342
769,50132072
770,50360008
771,51250017
772,51310383
773,51310384
774,51310397
775,51959158
776,51959159
777,53027077
778,54355980
779,54355981
780,54355982
781,54355984
782,54355985
783,54355986
784,54355987
785,54355988
786,54355991
787,54355994
788,54355996
789,54355997
790,54356000
791,54356004
792,54356005
793,54356007
794,54356008
795,54356012
796,54356020
797,54356021
798,54356027
799,54356029
800,54472174
801,54472176
802,54636519
803,54636521
804,54986183
805,55288150
806,55385044
807,55385048
808,56121471
809,56753174
810,57379424
811,58452092
812,58934791
813,58934795
814,58934801
815,58934803
816,58934804
817,58934849
818,59091595
819,59091596
820,59380983
821,60301316
822,60365696
823,4830185
824,8862926
825,9257565
826,9261808
827,9654380
828,9761606
829,9761667
830,9801785
831,9891307
832,9950997
833,10046549
834,10050152
835,10056799
836,10068988
837,10309574
838,10309601
839,10320461
840,10371526
841,10455077
842,10455368
843,10455795
844,10504778
845,10529088
846,11054643
847,11070084
848,11109310
849,11109317
850,11133445
851,11187160
852,11187165
853,11225164
854,11243682
855,11273507
856,26051571
857,28196880
858,28311408
859,28311410
860,28311412
861,28311415
862,28311416
863,28551092
864,28642563
865,28642564
866,28642565
867,28642567
868,28725519
869,28763059
870,28886828
871,28886835
872,28893886
873,28893892
874,28950391
875,28950404
876,29077152
877,29095839
878,29095849
879,29204378
880,29797381
881,29988371
882,30033120
883,31496025
884,31496082
885,32801141
886,37172846
887,37172847
888,37172848
889,37172858
890,37172864
891,37172866
892,37172869
893,37350032
894,37350033
895,37668916
896,37881282
897,37881350
898,38936301
899,38936305
900,39162002
901,39849961
902,39849966
903,39849970
904,39849971
905,39849973
906,40372582
907,40372583
908,40372584
909,40818061
910,41599395
911,41599396
912,42503937
913,42503959
914,42503970
915,42503974
916,42504021
917,45103959
918,45103967
919,45103971
920,45938410
921,45954052
922,46422171
923,46422249
924,46862713
925,47266246
926,47304575
927,47304684
928,47304685
929,47304689
930,47304694
931,48278337
932,48278338
933,48278340
934,48278343
935,48291855
936,48746629
937,51253004
938,51272798
939,51505474
940,51959160
941,52402535
942,52402586
943,52402593
944,53215984
945,53580122
946,53963188
947,53963189
948,54356001
949,54356015
950,54633422
951,55385053
952,55385056
953,55961529
954,56135365
955,58327248
956,58476550
957,58934785
958,58934814
959,59380988
960,59514175
961,59550711
962,59590827
963,60301097
964,8683204
965,8941724
966,9248129
967,9267319
968,9267321
969,9268897
970,9270682
971,9521030
972,9524469
973,9634215
974,9679791
975,9683407
976,9730608
977,9799707
978,9989664
979,10060645
980,10439046
981,10443519
982,10443521
983,11045400
984,11045402
985,11056696
986,11087024
987,11087027
988,11187161
989,11225165
990,11239767
991,11243686
992,11267042
993,11267537
994,25936008
995,25953522
996,26040167
997,26040168
998,27926023
999,28156650
1000,28160583
1001,28196903
1002,28197457
1003,28207480
1004,28209366
1005,28211236
1006,28231226
1007,28231227
1008,28231228
1009,28231231
1010,28231232
1011,28338136
1012,28551091
1013,28642566
1014,28694074
1015,28729369
1016,28886823
1017,28886827
1018,28886833
1019,28894394
1020,28894397
1021,28894398
1022,28894400
1023,28894401
1024,28894402
1025,28894403
1026,28894404
1027,28894405
1028,28958774
1029,28958775
1030,28958777
1031,28958778
1032,28958782
1033,28958784
1034,28958786
1035,28958793
1036,28958794
1037,28958795
1038,29077151
1039,29077241
1040,29156276
1041,29174331
1042,29204371
1043,29204373
1044,29204374
1045,29280326
1046,29280328
1047,29682306
1048,29820356
1049,29820367
1050,30065047
1051,30144336
1052,31496023
1053,31496071
1054,32279777
1055,32906995
1056,34134342
1057,34513263
1058,34675232
1059,34675265
1060,34979123
1061,36436342
1062,37172850
1063,37172855
1064,37172859
1065,37172862
1066,37172863
1067,37172870
1068,37350026
1069,37350035
1070,37668913
1071,37668924
1072,37668934
1073,37668939
1074,37893615
1075,37893616
1076,37893624
1077,37893625
1078,37893626
1079,37893627
1080,37927240
1081,37927242
1082,37927245
1083,37927246
1084,37927248
1085,37927256
1086,37927257
1087,37927265
1088,38089615
1089,38089640
1090,38268013
1091,38268043
1092,38313624
1093,38313664
1094,38936308
1095,39077022
1096,39590159
1097,39693469
1098,39898588
1099,40372579
1100,40372580
1101,40372581
1102,40806997
1103,40806998
1104,40807000
1105,41112188
1106,41183728
1107,41183730
1108,41183731
1109,41183734
1110,41183747
1111,41183748
1112,41183753
1113,41183754
1114,41183755
1115,41183756
1116,41183759
1117,41183760
1118,41286012
1119,42278456
1120,42278461
1121,42348358
1122,42503930
1123,42503948
1124,42503964
1125,42504016
1126,44305834
1127,44448691
1128,45103970
1129,45104080
1130,45256081
1131,45446616
1132,45792064
1133,46422269
1134,46422285
1135,46898334
1136,47304565
1137,47304566
1138,47304570
1139,47304578
1140,47304581
1141,47304690
1142,48784756
1143,49086036
1144,50530109
1145,50530220
1146,51933736
1147,52402536
1148,52402545
1149,52402546
1150,52402762
1151,52714855
1152,52714857
1153,53005885
1154,53005886
1155,53157298
1156,53560116
1157,53631814
1158,53874848
1159,54355983
1160,54355995
1161,54356003
1162,54356022
1163,54439646
1164,55385054
1165,55934902
1166,58811905
1167,58934802
1168,58934854
1169,59550701
1170,59551163
1171,59828817
1172,60322160
1173,60322161
1174,60322162
1175,8813355
1176,8835606
1177,8892473
1178,8932308
1179,9118024
1180,9151233
1181,9266820
1182,9267320
1183,9267322
1184,9267333
1185,9267334
1186,9321815
1187,9393674
1188,9519600
1189,9543323
1190,9635540
1191,9730722
1192,9763212
1193,9867079
1194,9995005
1195,10019307
1196,10050150
1197,10059261
1198,10062981
1199,10144606
1200,11087016
1201,11187153
1202,11225167
1203,11239765
1204,11239766
1205,25920876
1206,25936013
1207,26040176
1208,28156651
1209,28160580
1210,28160581
1211,28196908
1212,28197462
1213,28215906
1214,28231222
1215,28231223
1216,28231224
1217,28231229
1218,28231233
1219,28232496
1220,28232498
1221,28338139
1222,28338162
1223,28510489
1224,28873193
1225,28886831
1226,28886836
1227,28886840
1228,28886841
1229,28894395
1230,28915496
1231,28958772
1232,28958773
1233,28958776
1234,28958779
1235,28958783
1236,28958787
1237,29054882
1238,29125108
1239,29125110
1240,29174323
1241,29204376
1242,29204377
1243,29487628
1244,29487642
1245,29682316
1246,29820365
1247,30036102
1248,30065051
1249,30346621
1250,30549449
1251,31496069
1252,32223114
1253,32906917
1254,33198360
1255,33809844
1256,34212623
1257,34650251
1258,36370387
1259,36580630
1260,37086698
1261,37172849
1262,37172852
1263,37172860
1264,37350025
1265,37350030
1266,37668919
1267,37893617
1268,37927244
1269,37927251
1270,37927252
1271,37927254
1272,38268037
1273,38438292
1274,38438328
1275,39283120
1276,39590140
1277,39590155
1278,39590156
1279,39590163
1280,39590168
1281,39590170
1282,39898583
1283,39898586
1284,39898587
1285,39898589
1286,39898595
1287,40372577
1288,40489686
1289,40567453
1290,40567494
1291,41051804
1292,41183736
1293,41183757
1294,41227297
1295,41227300
1296,41286071
1297,41783797
1298,41783800
1299,41817981
1300,41817982
1301,41817983
1302,41817984
1303,42278460
1304,42278467
1305,42278468
1306,42503946
1307,42503947
1308,42503981
1309,42503990
1310,42503997
1311,42504005
1312,42504010
1313,42713012
1314,43711812
1315,43711830
1316,43711832
1317,44648728
1318,44870179
1319,44944945
1320,44951585
1321,45087083
1322,45087085
1323,45087086
1324,45087087
1325,45103960
1326,45103961
1327,45104078
1328,45104082
1329,46290550
1330,46422173
1331,46422271
1332,46518115
1333,47304569
1334,47304571
1335,47304572
1336,47304576
1337,47304688
1338,47304692
1339,47304693
1340,47613430
1341,47613617
1342,47613618
1343,47613622
1344,47613625
1345,47613626
1346,47695995
1347,48509312
1348,48787833
1349,48787838
1350,49398168
1351,50381839
1352,50381841
1353,50499169
1354,50499174
1355,50530106
1356,50530107
1357,50530221
1358,50530222
1359,50729573
1360,50729574
1361,50729577
1362,52402547
1363,52402553
1364,53157292
1365,53157294
1366,53157296
1367,53157300
1368,53157309
1369,53157319
1370,53560117
1371,53580125
1372,53874851
1373,53874853
1374,54111224
1375,54111269
1376,54224136
1377,55695278
1378,57796819
1379,57999896
1380,58811901
1381,58934786
1382,58934788
1383,58934797
1384,58934848
1385,59550811
1386,59550820
1387,59551205
1388,59581757
1389,8801852
1390,8804162
1391,8816619
1392,8820439
1393,8840275
1394,8941788
1395,9176860
1396,9249142
1397,9266869
1398,9309851
1399,9334376
1400,9390838
1401,9536160
1402,9763187
1403,9763219
1404,9763220
1405,9763222
1406,9772980
1407,9824787
1408,9942539
1409,10214752
1410,10299333
1411,10315058
1412,11099844
1413,11137451
1414,11237492
1415,11237493
1416,11237494
1417,11237495
1418,11237496
1419,11237497
1420,11237498
1421,11237499
1422,11237500
1423,11237501
1424,11237502
1425,11237503
1426,11237504
1427,11237505
1428,11237506
1429,11237507
1430,11237508
1431,11237509
1432,11237510
1433,11237511
1434,11237512
1435,23655573
1436,25920877
1437,25936014
1438,25971295
1439,25995645
1440,27926025
1441,28156652
1442,28196877
1443,28196902
1444,28197452
1445,28197453
1446,28229059
1447,28231230
1448,28231234
1449,28232259
1450,28232495
1451,28232497
1452,28232501
1453,28232503
1454,28232505
1455,28338137
1456,28338138
1457,28338158
1458,28397885
1459,28550861
1460,28551088
1461,28551110
1462,28706069
1463,28775418
1464,28886826
1465,28886834
1466,28893888
1467,28894392
1468,28894393
1469,28958781
1470,28958785
1471,29048404
1472,29123235
1473,29123237
1474,29123239
1475,29123241
1476,29125105
1477,29174328
1478,29280331
1479,29337135
1480,29497020
1481,29981037
1482,30065046
1483,30144279
1484,30346632
1485,30549448
1486,30763543
1487,30763746
1488,30769313
1489,30958462
1490,31029572
1491,31029574
1492,31029577
1493,31029581
1494,31029586
1495,31029595
1496,31029597
1497,31496018
1498,31496083
1499,31662796
1500,31662797
1501,31662799
1502,31667754
1503,31667756
1504,31667757
1505,32224656
1506,32906808
1507,32906875
1508,32906881
1509,32906883
1510,32906891
1511,32906893
1512,32906897
1513,32906899
1514,32906903
1515,32906921
1516,32906925
1517,32906937
1518,32906939
1519,32906941
1520,32906944
1521,32906945
1522,32906947
1523,32906950
1524,32906952
1525,32906954
1526,32906957
1527,32906958
1528,32906963
1529,32906964
1530,32906967
1531,32906970
1532,32906983
1533,32906985
1534,32906987
1535,32906989
1536,32906991
1537,32906993
1538,32906997
1539,32907002
1540,32907004
1541,32907006
1542,32907008
1543,32907010
1544,32907012
1545,32907022
1546,32907028
1547,32907030
1548,32907032
1549,32907034
1550,32907036
1551,32907039
1552,32907045
1553,33170559
1554,33170561
1555,33208853
1556,33212766
1557,33308821
1558,33625451
1559,33625455
1560,33625460
1561,34134305
1562,34134309
1563,34134311
1564,34134344
1565,34134351
1566,34134368
1567,34318477
1568,34441931
1569,34444591
1570,34513258
1571,34546378
1572,34658871
1573,34675218
1574,34675240
1575,34786743
1576,35094567
1577,35661302
1578,35661308
1579,35661312
1580,35661315
1581,35661319
1582,35661351
1583,35661368
1584,35661419
1585,35661421
1586,35940821
1587,36189461
1588,36296622
1589,36296629
1590,36370388
1591,36370389
1592,36423838
1593,36523564
1594,36523566
1595,36580588
1596,36580631
1597,36580632
1598,36580633
1599,36778964
1600,36778965
1601,36792254
1602,36792260
1603,36792274
1604,36825930
1605,37050758
1606,37073521
1607,37172851
1608,37172853
1609,37172854
1610,37172856
1611,37350027
1612,37473341
1613,37668922
1614,37668925
1615,37668926
1616,37744472
1617,37879816
1618,37893618
1619,37893619
1620,37893620
1621,37893623
1622,37927243
1623,37927247
1624,38137589
1625,38268047
1626,38438283
1627,38782995
1628,38783020
1629,38783074
1630,39558790
1631,39590145
1632,39590161
1633,39590165
1634,39590169
1635,39590171
1636,39898585
1637,39898591
1638,39898592
1639,39898593
1640,39898594
1641,39898596
1642,39898597
1643,39898609
1644,39938576
1645,40223477
1646,40347693
1647,40347698
1648,40375390
1649,40641336
1650,40648125
1651,40742207
1652,40742210
1653,40806949
1654,40849861
1655,41051806
1656,41172698
1657,41227303
1658,41227306
1659,41227313
1660,41440475
1661,41479436
1662,41783798
1663,41927921
1664,41927931
1665,41984061
1666,41990613
1667,42088248
1668,42278463
1669,42503933
1670,42503945
1671,42503954
1672,42503961
1673,42504008
1674,42552957
1675,42706299
1676,42712761
1677,42713013
1678,42777465
1679,42910589
1680,43502650
1681,43711865
1682,43935298
1683,43935360
1684,43935367
1685,44370204
1686,44691937
1687,44953367
1688,45043922
1689,45044261
1690,45044277
1691,45087088
1692,45103957
1693,45103962
1694,45439364
1695,45515142
1696,45663215
1697,45663216
1698,45663221
1699,45663224
1700,45663263
1701,45663264
1702,45663463
1703,45929814
1704,45929815
1705,45929831
1706,46277514
1707,46422174
1708,46422270
1709,46492433
1710,46492491
1711,46624081
1712,46999580
1713,46999609
1714,47266971
1715,47266994
1716,47304567
1717,47304574
1718,47304577
1719,47304582
1720,47304583
1721,47304670
1722,47304682
1723,47304683
1724,47486761
1725,47490035
1726,47490036
1727,47490038
1728,47490039
1729,47490040
1730,47490041
1731,47490043
1732,47490044
1733,47490045
1734,47490048
1735,47490051
1736,47613417
1737,47613419
1738,47613423
1739,47613425
1740,47613427
1741,47613429
1742,47613432
1743,47613619
1744,47613620
1745,47695979
1746,47744562
1747,47744588
1748,47908561
1749,47949117
1750,48160054
1751,48280670
1752,48280673
1753,48280676
1754,48291862
1755,48473726
1756,48473727
1757,48473729
1758,48642337
1759,48787834
1760,48787851
1761,48965266
1762,49053079
1763,49086204
1764,49088190
1765,49088192
1766,49840706
1767,49840710
1768,49840711
1769,49965337
1770,49974180
1771,50034060
1772,50034064
1773,50034065
1774,50034066
1775,50164143
1776,50164147
1777,50164148
1778,50164159
1779,50251308
1780,50279045
1781,50385368
1782,50499171
1783,50530105
1784,50530108
1785,50530218
1786,50530219
1787,50729572
1788,50729575
1789,51150498
1790,51150506
1791,51150509
1792,51687621
1793,51687623
1794,51687626
1795,51702970
1796,52214630
1797,52214636
1798,52214688
1799,52214694
1800,52214701
1801,52402537
1802,52402552
1803,53157302
1804,53157304
1805,53157313
1806,53157315
1807,53157483
1808,53866600
1809,53866601
1810,54111226
1811,54111228
1812,54111257
1813,55614061
1814,55614072
1815,55614129
1816,56197291
1817,56197491
1818,56388628
1819,56388631
1820,56388634
1821,56388635
1822,56919187
1823,57162638
1824,57279915
1825,57526140
1826,57761587
1827,57761632
1828,57761716
1829,57761722
1830,57761770
1831,57761774
1832,57785901
1833,57785902
1834,57785903
1835,57785904
1836,57785909
1837,57837074
1838,58092265
1839,58156221
1840,58207408
1841,58207510
1842,58325286
1843,58505377
1844,58934789
1845,59451171
1846,59451177
1847,59451178
1848,59451186
1849,59451188
1850,59451194
1851,59451196
1852,59451197
1853,59451199
1854,59451201
1855,59451202
1856,59451204
1857,59451223
1858,59451225
1859,59451226
1860,59451227
1861,59451229
1862,59451230
1863,59451231
1864,59550809
1865,59550816
1866,60147005
1867,8817035
1868,8820430
1869,9266870
1870,9270674
1871,9342854
1872,9390112
1873,9521024
1874,9948183
1875,10523548
1876,11085833
1877,11087017
1878,11187163
1879,11187164
1880,25936016
1881,26040172
1882,27926024
1883,27945655
1884,28133426
1885,28160582
1886,28169387
1887,28196411
1888,28196912
1889,28196916
1890,28197459
1891,28209361
1892,28232499
1893,28338140
1894,28338156
1895,28410380
1896,28410384
1897,28527373
1898,28551089
1899,28650783
1900,28775417
1901,28894407
1902,28941747
1903,28941748
1904,29048416
1905,29048422
1906,29078700
1907,29123234
1908,29123236
1909,29123238
1910,29123240
1911,29204372
1912,29204375
1913,29337128
1914,29337129
1915,29487638
1916,29487640
1917,29487650
1918,29487651
1919,29487654
1920,29498251
1921,29608438
1922,29640860
1923,29656310
1924,29820354
1925,29820366
1926,29981036
1927,29981038
1928,30065036
1929,30065052
1930,30144072
1931,30171239
1932,30171249
1933,30227695
1934,30454265
1935,30549441
1936,30549446
1937,30549447
1938,30769349
1939,30769350
1940,30769364
1941,30769365
1942,30769377
1943,30769577
1944,31267310
1945,31496019
1946,31496072
1947,31662791
1948,31662794
1949,31662798
1950,31673841
1951,32053943
1952,32788908
1953,32906807
1954,32906885
1955,32906895
1956,32906901
1957,32906906
1958,32906908
1959,32906915
1960,32906919
1961,32906930
1962,32906968
1963,32907000
1964,32907019
1965,32907043
1966,32907048
1967,33170560
1968,33170564
1969,33170565
1970,33170604
1971,33170606
1972,33208844
1973,33208846
1974,33208850
1975,33208851
1976,33208857
1977,33348847
1978,33522279
1979,33522280
1980,33540435
1981,33625198
1982,33625457
1983,33625462
1984,33625463
1985,33625467
1986,33649571
1987,33649574
1988,33649575
1989,33649577
1990,33809847
1991,33809849
1992,33984140
1993,34134323
1994,34134346
1995,34134349
1996,34373319
1997,34441934
1998,34447755
1999,34586925
2000,35094576
2001,35661294
2002,35661349
2003,35661370
2004,35661416
2005,35661417
2006,35661418
2007,35950462
2008,35950463
2009,36296621
2010,36296642
2011,36296646
2012,36296648
2013,36296650
2014,36370143
2015,36370144
2016,36370394
2017,36423845
2018,36792262
2019,36792297
2020,36808038
2021,37441445
2022,37473340
2023,37668909
2024,37668915
2025,37668923
2026,37744471
2027,37879817
2028,37879818
2029,37886668
2030,37886696
2031,37927250
2032,38108929
2033,38231336
2034,38233497
2035,38267971
2036,38268051
2037,38438289
2038,38438294
2039,38438296
2040,38438297
2041,38556953
2042,39078715
2043,39529641
2044,39590136
2045,39590137
2046,39590143
2047,39590160
2048,39590164
2049,39590173
2050,39590174
2051,39699534
2052,39898584
2053,40001140
2054,40001653
2055,40001666
2056,40310420
2057,40310507
2058,40347692
2059,40347699
2060,40347700
2061,40375388
2062,40567489
2063,40742208
2064,40807002
2065,40849909
2066,40849911
2067,40939105
2068,41183726
2069,41183738
2070,41250535
2071,41250537
2072,41927928
2073,42047636
2074,42088241
2075,42278466
2076,42503955
2077,42503972
2078,43487615
2079,43711789
2080,43711806
2081,43934759
2082,43935251
2083,44152361
2084,44152363
2085,44152367
2086,44152371
2087,44152378
2088,44152379
2089,44152382
2090,44152386
2091,44152387
2092,44152388
2093,44152394
2094,44152395
2095,44152396
2096,44309572
2097,44691900
2098,44691929
2099,45103964
2100,45241057
2101,45241061
2102,45271224
2103,45515144
2104,45801296
2105,46492481
2106,46492483
2107,46492492
2108,46492494
2109,46623462
2110,46999610
2111,47266990
2112,47304573
2113,47613424
2114,47613428
2115,47613623
2116,47695985
2117,47695992
2118,47727713
2119,47727714
2120,47744542
2121,47906791
2122,47994524
2123,48092425
2124,48280671
2125,48280678
2126,48280679
2127,48291907
2128,48291918
2129,48291933
2130,48291981
2131,48291997
2132,48292110
2133,48473728
2134,48787839
2135,48804778
2136,48903789
2137,49053087
2138,49192844
2139,49268806
2140,49840709
2141,50034063
2142,50164145
2143,50164146
2144,50164158
2145,50338645
2146,50530104
2147,50907003
2148,50907005
2149,51129359
2150,51129385
2151,51150390
2152,51150393
2153,51160047
2154,51160052
2155,51687624
2156,51687628
2157,51687630
2158,51824901
2159,52036316
2160,52214638
2161,52214677
2162,52214687
2163,52402534
2164,52402539
2165,52402542
2166,52402554
2167,52402588
2168,52402589
2169,52402591
2170,52710402
2171,52710404
2172,52867541
2173,52910274
2174,52970510
2175,52970515
2176,52972338
2177,53006884
2178,53102700
2179,53157311
2180,53157474
2181,53157476
2182,53157480
2183,53866334
2184,53866336
2185,53866476
2186,53866488
2187,53874846
2188,53963187
2189,54111251
2190,55729461
2191,55923165
2192,55923166
2193,55923167
2194,33135074
2195,34047386
2196,34282022
2197,42503983
2198,46486215
2199,47770094
2200,56135411
2201,56135422
2202,4828213
2203,5314034
2204,9974342
2205,10054573
2206,10242744
2207,25953521
2208,28915494
2209,29432866
2210,39386632
2211,40075380
2212,41614526
2213,46059854
2214,47490042
2215,8705385
2216,8705386
2217,9810350
2218,28211234
2219,31039432
2220,34047385
2221,34720321
2222,37668932
2223,44448690
2224,8866255
2225,28642561
2226,28886824
2227,31530075
2228,31530090
2229,33135072
2230,49247624
2231,8705383
2232,9766527
2233,9799277
2234,9810503
2235,9912928
2236,9951136
2237,11040127
2238,27944640
2239,29628329
2240,29819345
2241,34047298
2242,36123410
2243,37081617
2244,37642685
2245,37668917
2246,37668918
2247,37668920
2248,37668921
2249,37668927
2250,37668928
2251,37668930
2252,37668931
2253,51250017
2254,56753174
2255,9257565
2256,9761606
2257,9950997
2258,10068988
2259,29988371
2260,37668916
2261,28209366
2262,28694074
2263,32906995
2264,37668913
2265,37668924
2266,37668934
2267,39693469
2268,49086036
2269,32223114
2270,37086698
2271,37668919
2272,50381839
2273,50381841
2274,23655573
2275,37668922
2276,37668925
2277,37668926
2278,41172698
2279,29434336
2280,33436129
2281,37668909
2282,37668915
2283,38231336
2284,38556953
2285,56388627
2286,56388632
2287,56459695
2288,56758015
2289,56758017
2290,57526139
2291,57761556
2292,57761585
2293,57761590
2294,57761592
2295,57761715
2296,57761726
2297,57837166
2298,58092227
2299,58092233
2300,58092241
2301,58092245
2302,58092253
2303,58092257
2304,58092281
2305,58156218
2306,58156219
2307,58156220
2308,58156222
2309,58156223
2310,58207378
2311,58207511
2312,58238762
2313,58238765
2314,58262780
2315,58298727
2316,58298730
2317,58325224
2318,58325258
2319,58325298
2320,58505379
2321,58505381
2322,58519337
2323,58523651
2324,58523652
2325,58523654
2326,58534752
2327,58934805
2328,58934847
2329,59301666
2330,59301667
2331,59550706
2332,59550708
2333,59550791
2334,59550818
2335,59550822
2336,59550823
2337,60146992
2338,9242787
2339,9268898
2340,9309899
2341,9309900
2342,9506677
2343,9509940
2344,9558806
2345,9764323
2346,9806592
2347,9824642
2348,9898724
2349,9939598
2350,11038996
2351,11039006
2352,11187166
2353,11187167
2354,25920875
2355,28231235
2356,28231236
2357,28232500
2358,28341890
2359,28476298
2360,28555500
2361,28694075
2362,28694076
2363,28831799
2364,28873198
2365,28894396
2366,28941814
2367,29048405
2368,29048409
2369,29048417
2370,29048418
2371,29048420
2372,29123222
2373,29337127
2374,29337136
2375,29337137
2376,29487630
2377,29487632
2378,29487633
2379,29487635
2380,29487646
2381,29487647
2382,29487648
2383,29487656
2384,29487660
2385,29487661
2386,29490956
2387,29656318
2388,29820355
2389,29820358
2390,29837127
2391,29981039
2392,30171232
2393,30171234
2394,30171235
2395,30171237
2396,30171241
2397,30769312
2398,30769351
2399,30769378
2400,31592747
2401,31625606
2402,31662786
2403,31662793
2404,31673842
2405,32053882
2406,32053944
2407,32223112
2408,32264307
2409,32284202
2410,32658287
2411,32658289
2412,32658292
2413,32788967
2414,32879723
2415,32879907
2416,32906805
2417,32906889
2418,32906923
2419,32906936
2420,32906961
2421,32907017
2422,32907024
2423,33135073
2424,33170562
2425,33170563
2426,33170579
2427,33170605
2428,33340744
2429,33340795
2430,33348846
2431,33540436
2432,33625182
2433,33625197
2434,33625452
2435,33625458
2436,34212821
2437,34488886
2438,34584746
2439,34586924
2440,34586926
2441,35102477
2442,35362486
2443,35529798
2444,35661415
2445,35913347
2446,36244716
2447,36296617
2448,36296625
2449,36296627
2450,36296645
2451,36296652
2452,36423809
2453,36423826
2454,36423846
2455,36423849
2456,36708831
2457,36792212
2458,36792214
2459,36792220
2460,36792263
2461,36792265
2462,36792272
2463,36792278
2464,36792282
2465,36792284
2466,36792293
2467,37441390
2468,37668911
2469,37668914
2470,37744470
2471,37783403
2472,37879815
2473,37893621
2474,37893622
2475,37927249
2476,37929477
2477,38233503
2478,38268033
2479,38310570
2480,38314367
2481,38314373
2482,38438284
2483,38438325
2484,38438326
2485,38438330
2486,38438353
2487,38438527
2488,38538037
2489,38644784
2490,39475630
2491,39542178
2492,39590134
2493,39590138
2494,39590139
2495,39590144
2496,39590147
2497,39590151
2498,40001142
2499,40147335
2500,40347658
2501,40347659
2502,40347690
2503,40347697
2504,40373188
2505,40375397
2506,40567451
2507,40567455
2508,40567492
2509,40567495
2510,40648809
2511,40649383
2512,40849919
2513,41183758
2514,41221258
2515,41221260
2516,41783799
2517,41817530
2518,41817532
2519,41928128
2520,41928130
2521,41945931
2522,42278462
2523,42278465
2524,42503940
2525,42573939
2526,42573958
2527,42717588
2528,42777466
2529,42777468
2530,42777913
2531,42910588
2532,42910590
2533,42910591
2534,43028839
2535,43028852
2536,43725576
2537,44152359
2538,44152360
2539,44152366
2540,44152372
2541,44152373
2542,44152380
2543,44152383
2544,44152384
2545,44152389
2546,44152392
2547,44152397
2548,44152398
2549,44152399
2550,44218334
2551,44691920
2552,44691922
2553,44691923
2554,44691928
2555,44834748
2556,44834751
2557,44870186
2558,44973221
2559,44973236
2560,45104077
2561,45104079
2562,45197469
2563,45241049
2564,45256968
2565,45256969
2566,45515143
2567,45663201
2568,45663462
2569,45929847
2570,46422166
2571,46492436
2572,46492438
2573,46492471
2574,46492477
2575,46492478
2576,46624124
2577,46624125
2578,47266988
2579,47304580
2580,47304686
2581,47490046
2582,47613426
2583,47613431
2584,47613433
2585,47613624
2586,47695963
2587,47695964
2588,47695965
2589,47695966
2590,47695984
2591,47993761
2592,48179852
2593,48280672
2594,48280675
2595,48291868
2596,48291873
2597,48291887
2598,48291891
2599,48362849
2600,48509313
2601,48903785
2602,48903787
2603,48994932
2604,49011467
2605,49053085
2606,49053086
2607,49053088
2608,49840723
2609,49840724
2610,50114538
2611,50274923
2612,50499168
2613,50530110
2614,50530217
2615,50729576
2616,50779031
2617,50870294
2618,50907004
2619,50971590
2620,50971591
2621,51125529
2622,51125530
2623,51129386
2624,51150500
2625,51388942
2626,51605458
2627,51605459
2628,51605501
2629,51824649
2630,52214629
2631,52214695
2632,52391357
2633,52402548
2634,52402555
2635,52402556
2636,52402587
2637,52402592
2638,52710401
2639,52710403
2640,52723162
2641,52970504
2642,52970506
2643,52970521
2644,52970527
2645,53157317
2646,53157468
2647,53157478
2648,53157482
2649,53198601
2650,53277983
2651,53866335
2652,53866474
2653,53866494
2654,53866496
2655,53866599
2656,54111253
2657,54111255
2658,54111259
2659,54356010
2660,54356011
2661,54520608
2662,54616411
2663,54631652
2664,55567487
2665,55606318
2666,55923168
2667,55923170
2668,55923174
2669,56174045
2670,56197440
2671,56341113
2672,56388630
2673,56388633
2674,56388636
2675,56865951
2676,56865952
2677,57525797
2678,57761558
2679,57761582
2680,57761720
2681,57837238
2682,58092229
2683,58092249
2684,58092269
2685,58156139
2686,58207377
2687,58207379
2688,58207512
2689,58238760
2690,58238761
2691,58276532
2692,58276535
2693,58276617
2694,58325188
2695,58325264
2696,58325272
2697,58325273
2698,58325275
2699,58325299
2700,58325300
2701,58519911
2702,58522636
2703,58523646
2704,58523664
2705,58523667
2706,58523671
2707,58541248
2708,58741388
2709,59550813
2710,8933584
2711,9246268
2712,9936552
2713,9939490
2714,9942836
2715,9982258
2716,10345839
2717,10396805
2718,10428132
2719,10434296
2720,11056702
2721,11056703
2722,11056704
2723,28232493
2724,28232494
2725,28476294
2726,28555586
2727,28706071
2728,28873191
2729,28893891
2730,29034514
2731,29078693
2732,29078696
2733,29078705
2734,29078706
2735,29123758
2736,29214612
2737,29243191
2738,29317657
2739,29487629
2740,29487636
2741,29487641
2742,29487645
2743,29487658
2744,29487659
2745,29487663
2746,29490959
2747,29607490
2748,29656314
2749,29656317
2750,29656323
2751,29656326
2752,29656327
2753,29819348
2754,29842347
2755,30041739
2756,30041741
2757,30171233
2758,30171240
2759,30171242
2760,30171246
2761,30171247
2762,30180193
2763,30319407
2764,30340107
2765,30340152
2766,30518748
2767,31176274
2768,31496016
2769,31662769
2770,31662770
2771,31662789
2772,31667755
2773,31782975
2774,32053940
2775,32264252
2776,32264255
2777,32264282
2778,32502402
2779,32658283
2780,32658284
2781,32658285
2782,32658290
2783,32906877
2784,32906879
2785,32906888
2786,32906927
2787,32907015
2788,33208855
2789,33208858
2790,33625180
2791,33625183
2792,33625186
2793,33625418
2794,34060995
2795,34134301
2796,34420903
2797,35326735
2798,35362479
2799,35529795
2800,35661289
2801,35661320
2802,35661332
2803,35661371
2804,35661420
2805,35661422
2806,35661423
2807,36296614
2808,36370395
2809,36423782
2810,36423847
2811,36552251
2812,36675799
2813,36792270
2814,36792280
2815,36792295
2816,36808039
2817,37024788
2818,37024789
2819,37024790
2820,38089536
2821,38089537
2822,38089574
2823,38089575
2824,38089576
2825,38089577
2826,38118382
2827,38267958
2828,38267972
2829,38313657
2830,38438295
2831,38438324
2832,38556945
2833,38842525
2834,39590135
2835,39590142
2836,39590166
2837,39590175
2838,39590181
2839,39590182
2840,39590183
2841,40075205
2842,41183751
2843,41221259
2844,41817492
2845,41927926
2846,41927933
2847,41928127
2848,41945932
2849,41990620
2850,42278469
2851,42503967
2852,42503969
2853,42503977
2854,43935369
2855,43935389
2856,44152362
2857,44152375
2858,44152385
2859,44152390
2860,44218335
2861,44340378
2862,44691932
2863,44834749
2864,45104081
2865,45241050
2866,45241051
2867,45241052
2868,45515140
2869,45515145
2870,45663208
2871,46143011
2872,46416310
2873,46422165
2874,46422167
2875,46422273
2876,46492431
2877,46492437
2878,46492453
2879,46492474
2880,46492482
2881,46591952
2882,46592091
2883,46624079
2884,46624080
2885,46997892
2886,46997913
2887,47613435
2888,47676032
2889,47695980
2890,47695988
2891,47744537
2892,47744551
2893,48081919
2894,48280674
2895,48280677
2896,48291880
2897,48291896
2898,48291904
2899,48291936
2900,48355413
2901,48355463
2902,48509244
2903,48903790
2904,49052882
2905,49086092
2906,49256430
2907,49268807
2908,49268808
2909,49388941
2910,49840707
2911,49840714
2912,49889977
2913,49898810
2914,50574692
2915,50588416
2916,50642878
2917,50971587
2918,50971588
2919,50971589
2920,51150488
2921,51388938
2922,51724285
2923,52036287
2924,52402590
2925,52402763
2926,52710646
2927,52710649
2928,52989850
2929,53157306
2930,53157472
2931,53277964
2932,53277982
2933,53277989
2934,53277990
2935,53277995
2936,53858378
2937,53866330
2938,53866331
2939,54111201
2940,54197450
2941,54223171
2942,54252175
2943,54356009
2944,54356013
2945,54356014
2946,54455647
2947,54520479
2948,55341448
2949,55373330
2950,55373463
2951,55373470
2952,55373476
2953,55569949
2954,55923169
2955,55923171
2956,56176928
2957,56176930
2958,56220611
2959,56220615
2960,56220616
2961,56220621
2962,56220623
2963,56341054
2964,56388625
2965,56388626
2966,56388629
2967,56484278
2968,56484286
2969,56592422
2970,56658894
2971,57162635
2972,57785907
2973,57957023
2974,58092228
2975,58092237
2976,58207211
2977,58207213
2978,58207406
2979,58207407
2980,58207409
2981,58207509
2982,58238766
2983,58238767
2984,58250726
2985,58276529
2986,58276530
2987,58276531
2988,58276626
2989,58298728
2990,58298733
2991,58298734
2992,58325198
2993,58325219
2994,58325221
2995,58325225
2996,58325247
2997,58325251
2998,58325252
2999,58325253
3000,58325254
3001,58325255
3002,58325259
3003,58325271
3004,58325276
3005,58325277
3006,58325278
3007,58325284
3008,58325285
3009,58325295
3010,58325302
3011,58325303
3012,58522557
3013,58522639
3014,58523644
3015,58523645
3016,58523648
3017,58523662
3018,58523672
3019,58523673
3020,59262196
3021,60146936
3022,60146991
3023,60147028
3024,60147031
3025,8939731
3026,9260512
3027,9294734
3028,9948014
3029,9948055
3030,9951040
3031,9978268
3032,10472140
3033,11039003
3034,11056701
3035,28160584
3036,28231225
3037,28232502
3038,28232504
3039,28476288
3040,28873194
3041,28893893
3042,29078691
3043,29078692
3044,29078699
3045,29082445
3046,29314047
3047,29314048
3048,29487631
3049,29487637
3050,29487639
3051,29487652
3052,29656303
3053,29656311
3054,29656324
3055,29677382
3056,29820359
3057,29820360
3058,29820369
3059,29820370
3060,29820371
3061,29837097
3062,29837126
3063,29842308
3064,29842346
3065,29981046
3066,29981054
3067,30028001
3068,30041737
3069,30041738
3070,30041740
3071,30041742
3072,30041743
3073,30041745
3074,30171243
3075,30503909
3076,30763601
3077,31496073
3078,31662795
3079,31662800
3080,31662805
3081,32053941
3082,32053942
3083,32053945
3084,32264225
3085,32264226
3086,32264270
3087,32658288
3088,32907041
3089,33454773
3090,33522272
3091,33522281
3092,33522294
3093,33625151
3094,33625195
3095,33625394
3096,33625395
3097,33625461
3098,34060996
3099,34061002
3100,34134355
3101,35221149
3102,36244708
3103,36296615
3104,36423823
3105,36423844
3106,36552220
3107,36707166
3108,36792256
3109,36792290
3110,37458209
3111,38453305
3112,39059420
3113,39059422
3114,39414256
3115,39414257
3116,39590146
3117,39590158
3118,39590180
3119,39590185
3120,39590191
3121,39687758
3122,39955847
3123,39955979
3124,40347691
3125,40375618
3126,40641337
3127,40685500
3128,40742211
3129,41230773
3130,41230774
3131,41230776
3132,41297356
3133,41297357
3134,41297358
3135,41297359
3136,41297360
3137,41297362
3138,41297363
3139,41817531
3140,41927922
3141,41927923
3142,41927924
3143,41927925
3144,41927930
3145,41928129
3146,42278464
3147,42744268
3148,42744281
3149,42777467
3150,42777469
3151,42835723
3152,42910586
3153,43074723
3154,44152364
3155,44152369
3156,44152381
3157,44691901
3158,44691902
3159,44691925
3160,44691926
3161,44834747
3162,44834753
3163,44834761
3164,44973237
3165,45043998
3166,45241062
3167,45271231
3168,45285292
3169,45383718
3170,45663114
3171,45663195
3172,45919013
3173,45919019
3174,46422286
3175,46492476
3176,46581407
3177,46624129
3178,46997894
3179,46997905
3180,46997908
3181,46997916
3182,46997923
3183,47006217
3184,47006993
3185,47006995
3186,47007033
3187,47007034
3188,47266978
3189,47486766
3190,47695959
3191,47695983
3192,47695986
3193,47837340
3194,47843612
3195,48291941
3196,48291968
3197,48291988
3198,48291999
3199,48355412
3200,48645960
3201,48903788
3202,48994919
3203,49052864
3204,49052865
3205,49268804
3206,49388940
3207,49389247
3208,49840708
3209,49840722
3210,49898809
3211,49898811
3212,49898812
3213,50034061
3214,50034062
3215,50274810
3216,50274922
3217,50633931
3218,50642879
3219,50884227
3220,50884229
3221,50971586
3222,51075471
3223,51150489
3224,52214702
3225,52402744
3226,52405585
3227,52970512
3228,52970517
3229,52970522
3230,53198565
3231,53277648
3232,53277884
3233,53277978
3234,53277986
3235,53277992
3236,53277994
3237,53278000
3238,53278001
3239,53278243
3240,53866332
3241,53866333
3242,54197445
3243,55230607
3244,55230611
3245,55321718
3246,55373474
3247,55373475
3248,55373477
3249,55373478
3250,55729467
3251,55923172
3252,55923173
3253,55923176
3254,56176932
3255,56220180
3256,56220192
3257,56220196
3258,56220206
3259,56220297
3260,56220612
3261,56220613
3262,56220614
3263,56220622
3264,56340993
3265,56341093
3266,56341121
3267,56341123
3268,56341124
3269,57370675
3270,57541571
3271,57761772
3272,57872999
3273,57873001
3274,57956899
3275,57957022
3276,58207212
3277,58207376
3278,58207507
3279,58207508
3280,58238763
3281,58250699
3282,58250727
3283,58250728
3284,58276615
3285,58276622
3286,58276624
3287,58298735
3288,58298787
3289,58298788
3290,58325192
3291,58325194
3292,58325196
3293,58325215
3294,58325216
3295,58325217
3296,58325218
3297,58325222
3298,58325226
3299,58325248
3300,58325270
3301,58325281
3302,58325283
3303,58325291
3304,58325294
3305,58522558
3306,58522559
3307,58522563
3308,58522568
3309,58522992
3310,58523647
3311,58523649
3312,58523650
3313,58523653
3314,58523660
3315,58523675
3316,60066105
3317,60146941
3318,60146994
3319,60146996
3320,60146997
3321,60147001
3322,60147003
3323,60209407
3324,8827935
3325,9268682
3326,9934379
3327,9942215
3328,9948968
3329,9948981
3330,9949999
3331,9950084
3332,10457624
3333,10457625
3334,10457626
3335,10457627
3336,10457628
3337,10457629
3338,10457630
3339,10457631
3340,10457632
3341,10457955
3342,10494115
3343,10494116
3344,10494132
3345,10494133
3346,10494231
3347,10497168
3348,10498075
3349,10504692
3350,10505674
3351,10507898
3352,10507899
3353,10507900
3354,10508008
3355,10508778
3356,10508833
3357,10509682
3358,10513807
3359,10531142
3360,10548968
3361,11015278
3362,28476296
3363,28764423
3364,28764424
3365,28873190
3366,28873192
3367,28873196
3368,29078709
3369,29154559
3370,29351945
3371,29432857
3372,29432858
3373,29432860
3374,29432864
3375,29432867
3376,29454546
3377,29487649
3378,29656297
3379,29656302
3380,29656306
3381,29837125
3382,29842348
3383,29901904
3384,29901905
3385,30171238
3386,30180201
3387,30180389
3388,30207456
3389,30518751
3390,30763887
3391,31106886
3392,31106894
3393,31496015
3394,31496017
3395,31496384
3396,31662768
3397,31662808
3398,32264254
3399,32264260
3400,32264263
3401,32264268
3402,32264281
3403,32381022
3404,32502424
3405,32502580
3406,32803925
3407,32879915
3408,32907026
3409,33340778
3410,33454770
3411,33464632
3412,33625148
3413,33625152
3414,33625187
3415,33625382
3416,33625456
3417,33625459
3418,33817032
3419,33823240
3420,33907589
3421,34047299
3422,34060994
3423,34060998
3424,34441937
3425,34586931
3426,34786167
3427,34990813
3428,35221138
3429,35809464
3430,35940820
3431,35940961
3432,35950465
3433,36075017
3434,36552249
3435,36732027
3436,36770527
3437,36792218
3438,36792267
3439,36792276
3440,36792292
3441,36825932
3442,37131335
3443,37456415
3444,38298900
3445,38372692
3446,38594738
3447,38644753
3448,39414251
3449,39590141
3450,39590162
3451,40001645
3452,40001665
3453,40076388
3454,40116563
3455,40308715
3456,40347694
3457,40347695
3458,40347696
3459,41183752
3460,41290632
3461,41290633
3462,41297361
3463,41298247
3464,41393417
3465,41393418
3466,41410250
3467,41430464
3468,41518483
3469,41518507
3470,41914418
3471,41927932
3472,42088170
3473,42504018
3474,42576214
3475,42648083
3476,42744270
3477,42744273
3478,42981212
3479,43629662
3480,43935420
3481,44152365
3482,44152368
3483,44152370
3484,44152374
3485,44152376
3486,44152377
3487,44152391
3488,44152393
3489,44370203
3490,44370216
3491,44627988
3492,44691903
3493,44691904
3494,44691908
3495,44691909
3496,44691921
3497,45241053
3498,45241056
3499,45285281
3500,45515141
3501,45663212
3502,45663274
3503,45854478
3504,46172258
3505,46492435
3506,46492473
3507,46492475
3508,46492493
3509,46545958
3510,46624118
3511,46997896
3512,46997920
3513,46997930
3514,47006994
3515,47006996
3516,47007032
3517,47486763
3518,47613418
3519,47744531
3520,48355411
3521,48395740
3522,48804781
3523,48903784
3524,48903794
3525,48903795
3526,48903799
3527,49052938
3528,49086048
3529,49086050
3530,49198055
3531,49840721
3532,50385366
3533,50588415
3534,50633945
3535,51388934
3536,51388935
3537,52214635
3538,52277662
3539,52405586
3540,52405587
3541,52710400
3542,52970508
3543,52970529
3544,53157470
3545,53277509
3546,53277595
3547,53277891
3548,53277981
3549,53277988
3550,53277999
3551,53696985
3552,53708284
3553,53934533
3554,54630622
3555,54630641
3556,55230743
3557,55230744
3558,55351984
3559,55351986
3560,55351988
3561,55373472
3562,55623042
3563,55623045
3564,55623047
3565,55701762
3566,55701763
3567,55701779
3568,55701780
3569,55701781
3570,55923175
3571,56220176
3572,56220178
3573,56220195
3574,56220208
3575,56220210
3576,56220610
3577,56220617
3578,56220620
3579,56340995
3580,56341050
3581,56341051
3582,56341060
3583,56911930
3584,56919258
3585,57419549
3586,57541572
3587,57761768
3588,57785916
3589,57873003
3590,58250700
3591,58250701
3592,58276096
3593,58276120
3594,58276618
3595,58276620
3596,58276633
3597,58276823
3598,58298729
3599,58298737
3600,58325189
3601,58325190
3602,58325191
3603,58325193
3604,58325249
3605,58325256
3606,58325274
3607,58325279
3608,58325280
3609,58325282
3610,58325287
3611,58325292
3612,58325293
3613,58325297
3614,58327122
3615,58422125
3616,58522561
3617,58522565
3618,58523656
3619,58523657
3620,58523658
3621,58523663
3622,58523665
3623,58523668
3624,58523669
3625,58523670
3626,58523674
3627,59098195
3628,59098197
3629,59098220
3630,59098225
3631,59098229
3632,59098231
3633,59098233
3634,59098235
3635,59098241
3636,59451182
3637,59451183
3638,59451184
3639,60066099
3640,60066100
3641,60066101
3642,60066102
3643,60066103
3644,60066104
3645,60066106
3646,60066107
3647,60146939
3648,9948148
3649,9949040
3650,9951097
3651,28196403
3652,28232268
3653,28338141
3654,28338161
3655,28451754
3656,28476297
3657,28662379
3658,28873195
3659,28873197
3660,28947945
3661,29346148
3662,29432863
3663,29432869
3664,29454548
3665,29519550
3666,29656301
3667,29656307
3668,29656309
3669,29656312
3670,29656315
3671,29656316
3672,29656322
3673,29697423
3674,30223419
3675,30518745
3676,31106870
3677,31106881
3678,31496022
3679,31662792
3680,31662801
3681,31662802
3682,31662804
3683,31662806
3684,31662807
3685,32124900
3686,32124903
3687,32264256
3688,32264257
3689,32264273
3690,32502600
3691,32502629
3692,32734037
3693,33464638
3694,33464704
3695,33625465
3696,33817087
3697,34513262
3698,34513284
3699,34586928
3700,34786166
3701,34786168
3702,34786179
3703,35327725
3704,35809433
3705,35809435
3706,35809439
3707,35940676
3708,36792216
3709,36825937
3710,37214849
3711,37598012
3712,37668929
3713,38774469
3714,38893672
3715,39164926
3716,39590154
3717,39590172
3718,39590176
3719,39590177
3720,39590178
3721,39590179
3722,40001643
3723,40076387
3724,40322727
3725,40627683
3726,40742105
3727,40742212
3728,41221275
3729,41230775
3730,41518485
3731,41703235
3732,42717485
3733,43104618
3734,44370202
3735,44599920
3736,44691927
3737,44834750
3738,44834759
3739,44834760
3740,45383532
3741,45663198
3742,45663265
3743,45663266
3744,45663464
3745,45663467
3746,45663468
3747,45919014
3748,46492439
3749,46492472
3750,46492479
3751,46492480
3752,46581410
3753,46624119
3754,46997925
3755,46997926
3756,47266968
3757,48903793
3758,48903801
3759,49052863
3760,49052931
3761,49052948
3762,49053081
3763,49053084
3764,49053159
3765,49086041
3766,49712924
3767,49749605
3768,49749606
3769,50901140
3770,51893450
3771,52465821
3772,52710645
3773,52952295
3774,52970525
3775,53277886
3776,53277892
3777,53277977
3778,53277987
3779,53277991
3780,53277993
3781,53278002
3782,53278242
3783,53278244
3784,53278245
3785,53708236
3786,54588461
3787,55230609
3788,55230745
3789,55351981
3790,55351985
3791,55373471
3792,55373473
3793,55415487
3794,55623041
3795,55623043
3796,55623046
3797,55623050
3798,55623053
3799,55701764
3800,55701770
3801,55701777
3802,55701778
3803,55701783
3804,55701784
3805,55701785
3806,56220174
3807,56220183
3808,56220212
3809,56220609
3810,56340991
3811,56340994
3812,56340996
3813,56341052
3814,56341053
3815,56489284
3816,56489285
3817,56612037
3818,56911892
3819,56911893
3820,56911894
3821,56911895
3822,56911897
3823,56911898
3824,56911900
3825,56911901
3826,56911902
3827,56911903
3828,56911904
3829,56911905
3830,56911906
3831,56911908
3832,56911909
3833,56911910
3834,56919273
3835,57143080
3836,57541573
3837,57761560
3838,57761718
3839,58276132
3840,58276154
3841,58276538
3842,58298731
3843,58325195
3844,58325223
3845,58325250
3846,58325290
3847,58325301
3848,58327121
3849,58422943
3850,58523655
3851,58523659
3852,58523661
3853,58523666
3854,58597398
3855,58625448
3856,58625449
3857,59080391
3858,59098199
3859,59098201
3860,59098203
3861,59098205
3862,59098207
3863,59098212
3864,59098213
3865,59098214
3866,59098215
3867,59098216
3868,59098217
3869,59098218
3870,59098219
3871,59098221
3872,59098223
3873,59098227
3874,59098236
3875,59098237
3876,59098238
3877,59098239
3878,59451185
3879,59451189
3880,60146938
3881,60146999
3882,28204808
3883,28476291
3884,28947938
3885,28947941
3886,29346139
3887,29351949
3888,29448637
3889,29448638
3890,29656319
3891,29656320
3892,29656321
3893,29656329
3894,29842309
3895,29901267
3896,29901316
3897,30171244
3898,30223413
3899,30763547
3900,30852066
3901,31106872
3902,31496301
3903,31496383
3904,31662785
3905,31662803
3906,32124904
3907,32264253
3908,32264271
3909,32264297
3910,32264306
3911,32598377
3912,32658286
3913,32733999
3914,32734036
3915,32801121
3916,32906932
3917,33625412
3918,33625417
3919,34037179
3920,34037338
3921,34513261
3922,34586927
3923,34786161
3924,35038187
3925,35321854
3926,35809426
3927,35809428
3928,35809430
3929,35809432
3930,35809436
3931,35809438
3932,35940822
3933,35950464
3934,36792258
3935,37744469
3936,38063065
3937,38139597
3938,38893536
3939,38893673
3940,38893679
3941,40005061
3942,40116564
3943,40375628
3944,41378682
3945,41440627
3946,41440630
3947,41914419
3948,41927929
3949,42471802
3950,42648105
3951,42717585
3952,43629670
3953,44691919
3954,44691936
3955,45033277
3956,45111170
3957,45241058
3958,45854488
3959,45919010
3960,45919018
3961,46087873
3962,46243541
3963,46997898
3964,46997909
3965,46997922
3966,46997927
3967,47138896
3968,47266992
3969,48291966
3970,48355414
3971,48355436
3972,48395662
3973,48395663
3974,48395728
3975,48796453
3976,48903791
3977,48903792
3978,48903796
3979,48912056
3980,49052934
3981,49052936
3982,49053082
3983,49053083
3984,49086037
3985,49086038
3986,49086039
3987,49086043
3988,49086049
3989,49086053
3990,49086056
3991,49086057
3992,49086058
3993,49086243
3994,49401119
3995,49749604
3996,49749612
3997,51150543
3998,51813969
3999,52905621
4000,52952299
4001,52970519
4002,52970531
4003,53277965
4004,53277984
4005,53277985
4006,53886893
4007,54814167
4008,55345117
4009,55345118
4010,55345119
4011,55351983
4012,55351987
4013,55623044
4014,55701765
4015,55701767
4016,55701769
4017,56220191
4018,56220204
4019,56295256
4020,56340992
4021,56341056
4022,56341059
4023,56341061
4024,56341122
4025,56911907
4026,56911920
4027,56911928
4028,57541569
4029,57695720
4030,57785918
4031,57840464
4032,57857747
4033,58141387
4034,58276090
4035,58276092
4036,58276133
4037,58276527
4038,58325288
4039,58325296
4040,58597399
4041,58624879
4042,58624886
4043,58624912
4044,58625428
4045,59512285
4046,9261807
4047,28232270
4048,28947936
4049,28947940
4050,28947942
4051,28947944
4052,28947946
4053,28947950
4054,29432862
4055,29454559
4056,29656295
4057,29656304
4058,29656305
4059,29656308
4060,29656313
4061,29656325
4062,29656328
4063,30171236
4064,30171245
4065,30223430
4066,31106884
4067,31175602
4068,31175640
4069,31496351
4070,31912547
4071,32124901
4072,32264250
4073,32264251
4074,32264261
4075,32264287
4076,32264292
4077,32502427
4078,32734027
4079,32734028
4080,32734030
4081,32734031
4082,32734038
4083,33464658
4084,34037094
4085,34079757
4086,34513260
4087,34786157
4088,34786163
4089,34786164
4090,34786362
4091,35809427
4092,35809429
4093,35809431
4094,35809437
4095,35809440
4096,37131231
4097,37131251
4098,38139598
4099,38893364
4100,38893488
4101,38893671
4102,38893675
4103,38893677
4104,40116561
4105,40587888
4106,40587919
4107,40742209
4108,41183724
4109,41378677
4110,41378683
4111,41914417
4112,42471803
4113,42744272
4114,44599921
4115,44691907
4116,45241047
4117,45383533
4118,45854479
4119,46243533
4120,46581409
4121,46997900
4122,46997903
4123,48081920
4124,48355415
4125,48684508
4126,48903798
4127,49052835
4128,49052935
4129,49052937
4130,49052943
4131,49052944
4132,49052945
4133,49052946
4134,49052947
4135,49053080
4136,49086035
4137,49086040
4138,49086042
4139,49086045
4140,49086046
4141,49086051
4142,49086052
4143,49086054
4144,49086055
4145,49749609
4146,49749610
4147,50926045
4148,50932980
4149,51408624
4150,51893720
4151,53277996
4152,53277997
4153,54378389
4154,55230608
4155,55230610
4156,56341055
4157,56911896
4158,57409248
4159,57541575
4160,57541576
4161,58276091
4162,58325289
4163,58597390
4164,58597397
4165,58624890
4166,59262198
4167,59262200
4168,60146937
4169,28476290
4170,28476292
4171,28947937
4172,28947939
4173,29078697
4174,29432868
4175,29656296
4176,29897548
4177,30223408
4178,31106880
4179,31496298
4180,31496387
4181,31847546
4182,32124902
4183,32264259
4184,32380905
4185,32734035
4186,32803955
4187,33026725
4188,33464553
4189,33464554
4190,33464664
4191,34047387
4192,34047388
4193,34513259
4194,34513268
4195,34651961
4196,34786154
4197,34786160
4198,34786180
4199,34786756
4200,35809412
4201,35862254
4202,37131219
4203,38893365
4204,38893678
4205,40001541
4206,40001644
4207,40005062
4208,42744271
4209,42984239
4210,42984240
4211,42984242
4212,44834752
4213,45938442
4214,45938444
4215,47695960
4216,48684510
4217,48903800
4218,48903802
4219,49052941
4220,51814057
4221,51825175
4222,52261304
4223,55351982
4224,55415483
4225,55415484
4226,55701768
4227,57409263
4228,57695722
4229,58597391
4230,58597392
4231,58597423
4232,58597424
4233,59262199
4234,60209408
4235,29078698
4236,29842349
4237,30223409
4238,30223424
4239,31106896
4240,31496336
4241,31496338
4242,31496340
4243,32185238
4244,32264269
4245,32598426
4246,33006852
4247,33464705
4248,35809409
4249,35809441
4250,35809443
4251,36208206
4252,38893083
4253,40001647
4254,40627612
4255,42447617
4256,42447619
4257,42447620
4258,42984238
4259,42984241
4260,44317314
4261,45315585
4262,45515146
4263,45938443
4264,48684435
4265,48684509
4266,48684511
4267,48684512
4268,48684525
4269,49101177
4270,50164144
4271,50530216
4272,52014780
4273,56108554
4274,58597394
4275,59262197
4276,29082447
4277,30503941
4278,31496339
4279,31496350
4280,33464541
4281,34513265
4282,34513269
4283,34786155
4284,35809411
4285,37090868
4286,40001646
4287,42447618
4288,44166149
4289,48684429
4290,48684432
4291,30503925
4292,31496299
4293,31496335
4294,31496337
4295,31496385
4296,31496386
4297,33464635
4298,33464694
4299,34513285
4300,35809410
4301,37598013
4302,40001648
4303,48684381
4304,48684415
4305,48684441
4306,58597405
4307,33464555
4308,33464556
4309,33464557
4310,33464643
4311,34513264
4312,34659112
4313,34659115
4314,49261674
4315,58597393
4316,34659109
4317,34659110
4318,34659111
4319,34659113
4320,34659114
4321,34659116
4322,34659117
4323,34659215
4324,34659216
4325,34786156
4326,34786158
4327,34786159
4328,34786162
4329,34659118
4330,42101586
4331,37668914
4332,42777913
4333,40734134
4334,32803925
4335,45515141
4336,4531069
4337,9147129
4338,9205492
4339,9682162
4340,9739803
4341,9889325
4342,24789851
4343,28018590
4344,31140252
4345,8822686
4346,23310076
4347,25603327
4348,25839325
4349,28915495
4350,30021414
4351,30405728
4352,30676739
4353,9299857
4354,9505411
4355,10023244
4356,10023249
4357,10400436
4358,10866003
4359,23659285
4360,27812555
4361,28658243
4362,29010530
4363,29420967
4364,33313490
4365,142004
4366,5184121
4367,8628672
4368,8772580
4369,8866269
4370,9470418
4371,23229927
4372,25752680
4373,28739774
4374,29599960
4375,30593236
4376,602347
4377,8929637
4378,9079896
4379,9119286
4380,9268278
4381,9322510
4382,9965152
4383,9974330
4384,10289561
4385,11121354
4386,23136415
4387,23136416
4388,23147204
4389,25845241
4390,27915146
4391,30944696
4392,33050177
4393,34007362
4394,34114262
4395,34114268
4396,43637443
4397,31751
4398,2961452
4399,4240337
4400,4757047
4401,4855333
4402,5313540
4403,5335622
4404,5339077
4405,5339078
4406,5339080
4407,8616253
4408,8672729
4409,8672733
4410,8768252
4411,9086772
4412,9186043
4413,9186045
4414,9235951
4415,9266638
4416,9378646
4417,9378770
4418,9736734
4419,9969778
4420,9982618
4421,10059346
4422,10063006
4423,10063171
4424,10847380
4425,11090785
4426,11092606
4427,11207254
4428,11211308
4429,11278546
4430,23136414
4431,23830938
4432,24287356
4433,25667183
4434,25837581
4435,25912886
4436,27916563
4437,28009219
4438,28014543
4439,28113924
4440,28450449
4441,28571692
4442,29599954
4443,30351054
4444,30527436
4445,31777271
4446,32371067
4447,32557686
4448,32674995
4449,34345801
4450,37757663
4451,40559006
4452,40032
4453,2961453
4454,2961467
4455,8672730
4456,9079016
4457,9119646
4458,9330297
4459,9377820
4460,9402473
4461,9575980
4462,9667369
4463,9769901
4464,10059349
4465,10063009
4466,10080414
4467,10141662
4468,10254502
4469,10318510
4470,10847366
4471,11235584
4472,11278560
4473,25591204
4474,25949919
4475,27926062
4476,28215040
4477,28374379
4478,28524134
4479,28732772
4480,28810986
4481,29059776
4482,29200616
4483,29339385
4484,29339404
4485,29392066
4486,29631271
4487,30411160
4488,30411161
4489,31619623
4490,33977230
4491,34345776
4492,34766155
4493,35719861
4494,37205854
4495,40594539
4496,41360876
4497,52928346
4498,730380
4499,4531066
4500,5313941
4501,8618029
4502,9237124
4503,9810359
4504,9812942
4505,9949084
4506,9969871
4507,10054611
4508,10063008
4509,10219149
4510,10308246
4511,11071112
4512,11217124
4513,11255627
4514,24270454
4515,25598145
4516,25695132
4517,25848057
4518,25947138
4519,28135990
4520,28374378
4521,28423679
4522,28488567
4523,28681981
4524,28708310
4525,29182170
4526,29310788
4527,29339375
4528,29339383
4529,29448649
4530,30200244
4531,31052130
4532,32399001
4533,34345773
4534,36257908
4535,36594505
4536,36985656
4537,38645024
4538,39102682
4539,44008535
4540,44456464
4541,52029550
4542,1287279
4543,10054615
4544,10386787
4545,10455382
4546,10580376
4547,10895251
4548,23063311
4549,23834432
4550,28784583
4551,29059743
4552,29059770
4553,29059777
4554,29339368
4555,29339371
4556,29339376
4557,29339384
4558,29339392
4559,29339396
4560,29556889
4561,29658859
4562,30405748
4563,31034836
4564,31766831
4565,34650241
4566,34654319
4567,34843981
4568,35059050
4569,38122799
4570,38142821
4571,38142822
4572,38645035
4573,40517020
4574,43385278
4575,45501239
4576,53311354
4577,53372905
4578,56808101
4579,56808103
4580,56808104
4581,56925198
4582,57566643
4583,59450414
4584,1788869
4585,5211344
4586,9419217
4587,10129423
4588,10133165
4589,10234718
4590,10670054
4591,11079913
4592,11178202
4593,11217107
4594,25947140
4595,25999028
4596,27796635
4597,27812567
4598,28136009
4599,28232256
4600,28793432
4601,29339369
4602,29339370
4603,29780594
4604,29913950
4605,30005899
4606,30066475
4607,30351040
4608,30351058
4609,31034841
4610,34591237
4611,34675267
4612,34968089
4613,36397722
4614,37617298
4615,37617301
4616,37617302
4617,37617303
4618,37617304
4619,37617305
4620,37617307
4621,37832127
4622,37927241
4623,38118121
4624,38480743
4625,40398036
4626,40535715
4627,40852312
4628,41478538
4629,42621871
4630,44008536
4631,44101978
4632,44108465
4633,44252436
4634,45459573
4635,46352788
4636,46971925
4637,47266294
4638,47497519
4639,47748245
4640,53148566
4641,54038128
4642,54472177
4643,56808099
4644,56808102
4645,56842155
4646,58329093
4647,59734246
4648,59766125
4649,59766128
4650,59766130
4651,59766131
4652,59766133
4653,12020
4654,32542
4655,668355
4656,708523
4657,1530712
4658,2725942
4659,4441651
4660,4507262
4661,4510043
4662,4535132
4663,4716508
4664,4739603
4665,4789842
4666,4789845
4667,4813567
4668,4813589
4669,4855877
4670,4949674
4671,4977791
4672,4990928
4673,4991582
4674,5005533
4675,5005534
4676,5007520
4677,5083351
4678,5183387
4679,5209405
4680,5211343
4681,5219565
4682,5287496
4683,5313511
4684,5313533
4685,5313541
4686,5323029
4687,5333184
4688,8564419
4689,8565074
4690,8570868
4691,8638464
4692,8739688
4693,8772783
4694,8928601
4695,8958310
4696,9118467
4697,9186040
4698,9202237
4699,9209618
4700,9260857
4701,9266639
4702,9293801
4703,9403247
4704,9445382
4705,9507874
4706,10107197
4707,10322700
4708,10431384
4709,10458109
4710,11178406
4711,11194457
4712,11235539
4713,25596180
4714,25759901
4715,25947155
4716,26040175
4717,27812575
4718,28009230
4719,28129678
4720,28136000
4721,28196361
4722,28263975
4723,28642559
4724,28763407
4725,28894406
4726,29059732
4727,29059744
4728,29339402
4729,29612862
4730,29731190
4731,30056967
4732,30351048
4733,30779633
4734,30915054
4735,32592191
4736,34720322
4737,36462434
4738,36462460
4739,36552173
4740,37493469
4741,37540381
4742,37617312
4743,39078707
4744,40013012
4745,41001184
4746,42977916
4747,43434737
4748,43564115
4749,45598059
4750,48576365
4751,48582036
4752,48912230
4753,53453793
4754,54165159
4755,54472175
4756,54862499
4757,54862503
4758,55288174
4759,55288176
4760,55288177
4761,55889482
4762,56808098
4763,56808105
4764,58666118
4765,58666151
4766,58984757
4767,59345581
4768,59766116
4769,59766120
4770,33255
4771,3746611
4772,4535130
4773,4813454
4774,4922105
4775,4949681
4776,5015935
4777,5313978
4778,5330229
4779,5330821
4780,8606390
4781,9294833
4782,9934606
4783,10054610
4784,10141682
4785,10325061
4786,10580381
4787,11071113
4788,23063306
4789,23671228
4790,23671235
4791,25836308
4792,25947131
4793,25999036
4794,28168277
4795,28313217
4796,28313231
4797,28733315
4798,29059711
4799,29059762
4800,29305424
4801,29305427
4802,29915399
4803,30351051
4804,31505797
4805,33114660
4806,33649576
4807,33902188
4808,34039114
4809,35008050
4810,35323415
4811,35349470
4812,35978768
4813,36548976
4814,37540402
4815,37617309
4816,37617311
4817,38948012
4818,39316279
4819,39434291
4820,39612860
4821,39861053
4822,39986568
4823,40069192
4824,42838054
4825,43107568
4826,43343954
4827,44103378
4828,44144887
4829,45649472
4830,46352789
4831,47266242
4832,47440329
4833,47490047
4834,47490054
4835,48576368
4836,48645711
4837,48995012
4838,49874492
4839,50239445
4840,50521913
4841,50521933
4842,51110474
4843,51110475
4844,51619331
4845,52068949
4846,53036651
4847,53036653
4848,53036654
4849,53036655
4850,53036656
4851,53036657
4852,53036658
4853,53036659
4854,54022985
4855,54165181
4856,54862500
4857,54862501
4858,54862505
4859,54862506
4860,54862508
4861,54977426
4862,54977434
4863,54977435
4864,54977439
4865,55345314
4866,56808056
4867,56808057
4868,56808097
4869,57651817
4870,57651819
4871,58413167
4872,59464050
4873,59734247
4874,59766115
4875,59766124
4876,315570
4877,4507910
4878,4732881
4879,5314522
4880,5339047
4881,5339074
4882,8863023
4883,8928772
4884,9237690
4885,9294725
4886,9595686
4887,9596674
4888,9632833
4889,9932387
4890,9974343
4891,10054604
4892,10229175
4893,10491713
4894,10491908
4895,10670042
4896,11194465
4897,11283567
4898,23568297
4899,23659510
4900,27860578
4901,28196406
4902,28915493
4903,28941741
4904,29305430
4905,29310789
4906,29599947
4907,29599951
4908,29599952
4909,29599959
4910,29828951
4911,30351043
4912,30351052
4913,30547933
4914,30593417
4915,30944699
4916,31243472
4917,32264258
4918,33253916
4919,33253925
4920,33253927
4921,33977312
4922,34282052
4923,34970368
4924,35715481
4925,35806317
4926,36552248
4927,36659618
4928,36732018
4929,37493430
4930,37540382
4931,37540384
4932,37540385
4933,37540388
4934,37617299
4935,37617306
4936,37617313
4937,37956191
4938,38335170
4939,38582644
4940,38618385
4941,39612864
4942,39673744
4943,40120695
4944,40435594
4945,41249634
4946,41249636
4947,41920184
4948,42351009
4949,42648066
4950,43401656
4951,43564126
4952,44145015
4953,44951551
4954,45230456
4955,45598000
4956,45995481
4957,46042135
4958,46352826
4959,46444844
4960,46898316
4961,46898349
4962,47644351
4963,47644355
4964,47739481
4965,48576369
4966,49102646
4967,49389068
4968,49719076
4969,50239448
4970,50737952
4971,51009498
4972,51293631
4973,51361308
4974,51913648
4975,52438192
4976,52888038
4977,53651372
4978,53651373
4979,53913232
4980,54037965
4981,54037971
4982,54038396
4983,54112979
4984,54610140
4985,54862504
4986,54977431
4987,55255498
4988,55288152
4989,56341090
4990,56600647
4991,56600652
4992,57651828
4993,58276153
4994,58413166
4995,58413168
4996,58413169
4997,58984758
4998,59345568
4999,59457868
5000,59464052
5001,59464053
5002,59719317
5003,59766117
5004,59766118
5005,59766126
5006,59766132
5007,59766134
5008,59766434
5009,60348022
5010,14889
5011,4433278
5012,4434243
5013,4441652
5014,4855329
5015,5063999
5016,5112127
5017,5211347
5018,5313537
5019,5313542
5020,5330822
5021,8862923
5022,8863009
5023,9118695
5024,9151243
5025,9330935
5026,10141674
5027,11001554
5028,23495346
5029,28133413
5030,28763408
5031,28849774
5032,29599948
5033,29599956
5034,29599957
5035,30021405
5036,30351045
5037,30351046
5038,30351055
5039,31134196
5040,31312783
5041,31847783
5042,31847804
5043,32028794
5044,32028831
5045,32028851
5046,33048507
5047,33048544
5048,33199648
5049,33253917
5050,33457375
5051,33457378
5052,33457383
5053,33457384
5054,33457418
5055,33457420
5056,33902189
5057,33902193
5058,34039068
5059,34039076
5060,34039100
5061,34039102
5062,34039103
5063,34039105
5064,34039110
5065,34039113
5066,34404004
5067,34627579
5068,34647786
5069,34919229
5070,35115117
5071,35115118
5072,35115119
5073,35115122
5074,35560347
5075,35560351
5076,35560357
5077,35560359
5078,35560361
5079,35560363
5080,35717862
5081,35717874
5082,35717919
5083,35717920
5084,35921003
5085,35921050
5086,35921051
5087,36111826
5088,36495741
5089,36726764
5090,36726825
5091,36854724
5092,37117134
5093,37117137
5094,37329453
5095,37540386
5096,37540387
5097,37716310
5098,37799741
5099,37799744
5100,38015022
5101,38015124
5102,38023354
5103,38313096
5104,38335251
5105,38335318
5106,38618365
5107,39124040
5108,39440799
5109,39612858
5110,39622948
5111,39622952
5112,39622955
5113,39622956
5114,39622957
5115,39622958
5116,40511847
5117,40531276
5118,40733581
5119,40733582
5120,40757848
5121,41016689
5122,41016692
5123,41016693
5124,41016695
5125,41124849
5126,41202256
5127,41406742
5128,41406744
5129,41406848
5130,41406849
5131,41406853
5132,41406855
5133,41407073
5134,41485316
5135,41619022
5136,42247220
5137,42350871
5138,43537692
5139,43575630
5140,43575631
5141,43686226
5142,43810697
5143,43810701
5144,44121171
5145,44121184
5146,44121235
5147,44121238
5148,44144981
5149,44145082
5150,44271643
5151,44271646
5152,44366699
5153,44672494
5154,44723813
5155,45246569
5156,45246586
5157,45296648
5158,45296650
5159,45296651
5160,45296692
5161,45296694
5162,45296695
5163,45296697
5164,45296698
5165,45312898
5166,45446458
5167,45478744
5168,45598001
5169,45598058
5170,46142691
5171,46142692
5172,46142693
5173,46218019
5174,46404642
5175,46517934
5176,46882048
5177,47739484
5178,47997882
5179,48032873
5180,48032874
5181,48032875
5182,48032876
5183,48645710
5184,48645713
5185,48800502
5186,49364359
5187,49907070
5188,49975742
5189,50187909
5190,50239447
5191,50239449
5192,50430321
5193,50671076
5194,50671087
5195,51361307
5196,51922725
5197,51937037
5198,51937045
5199,52393391
5200,52559991
5201,52565822
5202,53027071
5203,53027073
5204,53027079
5205,53027082
5206,53027086
5207,53027089
5208,53027091
5209,53027097
5210,53027099
5211,53027100
5212,53697152
5213,53800324
5214,53913231
5215,53913233
5216,53913234
5217,53913235
5218,53961887
5219,53961888
5220,53961889
5221,53961891
5222,53961893
5223,53961895
5224,53961896
5225,53961897
5226,53961902
5227,53961903
5228,54037995
5229,54037996
5230,54038363
5231,54038364
5232,54038370
5233,54038371
5234,54038391
5235,54038394
5236,54697251
5237,54977427
5238,54977437
5239,54977438
5240,55463070
5241,55463093
5242,55714467
5243,56209797
5244,56209799
5245,56209804
5246,56209817
5247,56600643
5248,56600649
5249,56600666
5250,56600667
5251,56925210
5252,57048995
5253,57379408
5254,57379410
5255,57379423
5256,57449502
5257,57651823
5258,57651829
5259,58383042
5260,58413170
5261,59345520
5262,59345521
5263,59345523
5264,59345530
5265,59345531
5266,59345533
5267,59345534
5268,59345535
5269,59345536
5270,59345538
5271,59345539
5272,59345540
5273,59345543
5274,59345547
5275,59345552
5276,59345553
5277,59345561
5278,59345565
5279,59345566
5280,59345567
5281,59345570
5282,59345571
5283,59345574
5284,59345576
5285,59345577
5286,59345580
5287,59345916
5288,59345926
5289,59457903
5290,59457907
5291,59464051
5292,59464054
5293,59734235
5294,59766119
5295,59947498
5296,59947499
5297,59947500
5298,59947501
5299,59947502
5300,59947503
5301,59947507
5302,60136837
5303,60136838
5304,60136840
5305,60266805
5306,60348020
5307,11827
5308,11857
5309,576770
5310,3947540
5311,4026315
5312,4507932
5313,4507934
5314,4785396
5315,4894625
5316,5107032
5317,5265916
5318,5328696
5319,8564420
5320,8799829
5321,8863022
5322,8866250
5323,8866270
5324,9176937
5325,9294854
5326,9330142
5327,9576075
5328,9777991
5329,9810358
5330,10622214
5331,11117290
5332,11282589
5333,23045747
5334,23059772
5335,23841903
5336,23922035
5337,27812559
5338,28263991
5339,28290475
5340,28939554
5341,29060440
5342,29143790
5343,29599955
5344,29937867
5345,30411159
5346,30549442
5347,30944694
5348,30944700
5349,31134195
5350,31134213
5351,31847756
5352,32028853
5353,32028916
5354,32895231
5355,33001727
5356,33048508
5357,33048509
5358,33048543
5359,33048603
5360,33253938
5361,33452544
5362,33452553
5363,33457352
5364,33457371
5365,33457372
5366,33457373
5367,33457379
5368,33457380
5369,33457417
5370,33902186
5371,33902191
5372,33988751
5373,34039067
5374,34039078
5375,34039112
5376,34039115
5377,34627580
5378,34720323
5379,35115120
5380,35560348
5381,35560352
5382,35560354
5383,35560355
5384,35560356
5385,35560358
5386,35717758
5387,35717905
5388,35717977
5389,35808870
5390,35808872
5391,35921045
5392,35921046
5393,35921053
5394,36356528
5395,36495712
5396,36495742
5397,36629652
5398,36854885
5399,37117144
5400,37144230
5401,37194982
5402,37198909
5403,37199189
5404,37540400
5405,37617308
5406,37617310
5407,37799740
5408,37799745
5409,37799746
5410,37799748
5411,37869528
5412,38015083
5413,38015085
5414,38166118
5415,38557036
5416,39028337
5417,39124039
5418,39124061
5419,39124160
5420,39306583
5421,39612856
5422,39622953
5423,39622954
5424,40387659
5425,40733583
5426,40924669
5427,41091918
5428,41143704
5429,41249633
5430,41406747
5431,41406847
5432,41406851
5433,41406852
5434,41592400
5435,41675282
5436,42022705
5437,42022706
5438,42022707
5439,42022708
5440,42022710
5441,42022711
5442,42022712
5443,42022713
5444,42022718
5445,42022719
5446,42022720
5447,42407348
5448,42555562
5449,42621864
5450,42838053
5451,43504852
5452,43752809
5453,44121170
5454,44121180
5455,44121187
5456,44121231
5457,44121233
5458,44166358
5459,44263337
5460,44271655
5461,44714408
5462,44864624
5463,45004199
5464,45246678
5465,45296649
5466,45296690
5467,45296691
5468,45296693
5469,45296699
5470,45296700
5471,45296703
5472,45296704
5473,45296706
5474,45446592
5475,45446657
5476,46142694
5477,46404647
5478,46453333
5479,47149758
5480,47728730
5481,47728739
5482,47728742
5483,47728790
5484,47997879
5485,48206734
5486,48219322
5487,48645712
5488,48800501
5489,50187907
5490,50187908
5491,50633576
5492,50664423
5493,50664427
5494,50664436
5495,51017099
5496,51112209
5497,51250558
5498,51272802
5499,51272809
5500,51293629
5501,51559832
5502,51559833
5503,51922729
5504,51922730
5505,51922732
5506,51922753
5507,52393228
5508,52393229
5509,52393238
5510,52393383
5511,53027049
5512,53027056
5513,53027059
5514,53027061
5515,53027075
5516,53027084
5517,53027096
5518,53379975
5519,53769811
5520,53866337
5521,53913230
5522,53961890
5523,53961892
5524,53961894
5525,53961901
5526,53961904
5527,54037967
5528,54038365
5529,54038366
5530,54038367
5531,54038368
5532,54038369
5533,54038373
5534,54038374
5535,54038376
5536,54134006
5537,54165172
5538,54472179
5539,54760762
5540,54760763
5541,54977428
5542,54977429
5543,54977430
5544,54977436
5545,55288173
5546,55288178
5547,56135426
5548,56209802
5549,56209803
5550,56209812
5551,56209815
5552,56209816
5553,56209819
5554,56209822
5555,56209825
5556,56209905
5557,56341058
5558,56341125
5559,56566366
5560,56600642
5561,56600645
5562,56600650
5563,56925166
5564,56925194
5565,56925773
5566,57129308
5567,57256962
5568,57379407
5569,57379409
5570,57379411
5571,57379415
5572,57449464
5573,57449494
5574,57449515
5575,57462976
5576,57559599
5577,57685530
5578,58383040
5579,58383041
5580,59345517
5581,59345522
5582,59345532
5583,59345542
5584,59345551
5585,59345560
5586,59345562
5587,59345563
5588,59345575
5589,59345582
5590,59345915
5591,59371424
5592,59457905
5593,59457909
5594,59734252
5595,59947504
5596,59947508
5597,59947509
5598,59984684
5599,59984685
5600,59984686
5601,59984687
5602,59984688
5603,59984689
5604,59984690
5605,59984691
5606,59984692
5607,59984693
5608,59984694
5609,59984695
5610,59984696
5611,59984697
5612,59984698
5613,59984699
5614,59984700
5615,59984701
5616,59984702
5617,59984703
5618,59984704
5619,59984705
5620,59984706
5621,59984707
5622,59984708
5623,59984709
5624,59984710
5625,59984711
5626,59984712
5627,59984713
5628,59984714
5629,59984715
5630,59984716
5631,59984717
5632,59984825
5633,59984826
5634,59984827
5635,59984828
5636,60136839
5637,60136841
5638,60348018
5639,60348021
5640,1457343
5641,4828565
5642,4829760
5643,5015950
5644,5314035
5645,5339440
5646,8736817
5647,8759126
5648,8875653
5649,8928726
5650,8929543
5651,9205461
5652,9391237
5653,9505756
5654,9729210
5655,9932277
5656,9932316
5657,9937466
5658,9969782
5659,9980060
5660,9985153
5661,10047305
5662,10431448
5663,10488858
5664,10501314
5665,11111690
5666,11117288
5667,11266792
5668,22829137
5669,23063322
5670,25756510
5671,27761480
5672,28380309
5673,29321547
5674,29432865
5675,29599945
5676,29599950
5677,29599953
5678,29599958
5679,29640861
5680,29848294
5681,30547932
5682,30944693
5683,30944698
5684,31435950
5685,33048510
5686,33048600
5687,33048601
5688,33048602
5689,33048671
5690,33253923
5691,33253924
5692,33253926
5693,33457368
5694,33457374
5695,33457381
5696,33457419
5697,33457422
5698,33902185
5699,34039111
5700,34404002
5701,34404011
5702,34948108
5703,35019751
5704,35046305
5705,35194975
5706,35560349
5707,35560350
5708,35717877
5709,35808871
5710,35920993
5711,35921004
5712,35921047
5713,35921049
5714,36260445
5715,36370347
5716,36423843
5717,36495714
5718,36495740
5719,36495743
5720,37122364
5721,37198256
5722,37198258
5723,37505444
5724,37799742
5725,37799743
5726,37799749
5727,37816063
5728,37932648
5729,38015082
5730,38015086
5731,38015129
5732,38142824
5733,38889323
5734,38889326
5735,38889336
5736,38955208
5737,39124162
5738,39159562
5739,39174109
5740,39271989
5741,39622951
5742,39858320
5743,40733575
5744,40733577
5745,40733578
5746,40733579
5747,40733580
5748,40733762
5749,40927676
5750,41148483
5751,41148490
5752,41249607
5753,41249632
5754,41249635
5755,41331390
5756,41396793
5757,41406741
5758,41406743
5759,41485321
5760,41518506
5761,41572973
5762,42022709
5763,42022714
5764,42022716
5765,42022717
5766,42022721
5767,42022722
5768,42022723
5769,42116297
5770,42278459
5771,42653670
5772,43564118
5773,43615519
5774,44121169
5775,44144901
5776,44214518
5777,44271651
5778,44366667
5779,44366715
5780,44864625
5781,45208200
5782,45263415
5783,45296687
5784,45296689
5785,45373076
5786,45545673
5787,45598056
5788,45649569
5789,45717563
5790,46404644
5791,46404652
5792,46453284
5793,46913361
5794,46971931
5795,47070690
5796,47466080
5797,47739485
5798,47739557
5799,47840564
5800,47840575
5801,48206654
5802,48206655
5803,48291566
5804,48291567
5805,48291568
5806,50120416
5807,50187906
5808,50239444
5809,50511147
5810,50595887
5811,50595888
5812,50664431
5813,50664654
5814,51047788
5815,51112208
5816,51112214
5817,51114806
5818,51272799
5819,51272801
5820,51272807
5821,51272808
5822,51272811
5823,51272814
5824,51272826
5825,51272829
5826,51388954
5827,51922551
5828,51922727
5829,51922731
5830,51922737
5831,51922739
5832,52104370
5833,52104372
5834,52104374
5835,52104376
5836,52104378
5837,52393227
5838,52393231
5839,52393232
5840,52393233
5841,52393235
5842,52393237
5843,52393381
5844,52393389
5845,52438193
5846,53027065
5847,53027068
5848,53027102
5849,53357377
5850,53357378
5851,53916531
5852,54037966
5853,54038377
5854,54038378
5855,54038379
5856,54038389
5857,54038398
5858,54760774
5859,55288151
5860,55463053
5861,55463094
5862,55765423
5863,55972049
5864,56006254
5865,56135355
5866,56135432
5867,56209798
5868,56209800
5869,56209805
5870,56209806
5871,56209811
5872,56400138
5873,56538963
5874,56600653
5875,56600665
5876,56600668
5877,57379406
5878,57379419
5879,57379425
5880,57449503
5881,57999901
5882,58383034
5883,59345559
5884,59345564
5885,59371420
5886,59371422
5887,59457904
5888,59457908
5889,59734253
5890,59766127
5891,59947505
5892,59947506
5893,60136806
5894,60136834
5895,60136835
5896,60348016
5897,1458771
5898,3990297
5899,5314032
5900,8736810
5901,8866251
5902,8875652
5903,9080338
5904,9348411
5905,9379136
5906,9390753
5907,9778834
5908,9974953
5909,10188113
5910,10355815
5911,10357057
5912,10358488
5913,10364578
5914,10488860
5915,10785500
5916,11040128
5917,11117286
5918,11235583
5919,23224287
5920,23310199
5921,23739030
5922,28196407
5923,28261518
5924,29214683
5925,29432859
5926,29588788
5927,29819346
5928,32045426
5929,32794405
5930,33048506
5931,33048542
5932,33253928
5933,33253936
5934,33253937
5935,33457382
5936,33457385
5937,33457421
5938,33743819
5939,33811844
5940,33880186
5941,33902190
5942,33988831
5943,34039075
5944,34039077
5945,34039079
5946,34039109
5947,35541357
5948,35560366
5949,35717873
5950,35717908
5951,35921048
5952,35921052
5953,36260470
5954,36370177
5955,36462459
5956,36495713
5957,36702756
5958,36854706
5959,36854712
5960,37198914
5961,37505462
5962,37505463
5963,37505464
5964,37505467
5965,37505469
5966,37524828
5967,37524830
5968,37799736
5969,37956179
5970,37956490
5971,38015087
5972,38015123
5973,38118120
5974,38118125
5975,38142823
5976,38166041
5977,38280832
5978,38351044
5979,38477234
5980,38620234
5981,38889325
5982,38889327
5983,38889328
5984,38889330
5985,38889331
5986,38889333
5987,38889337
5988,39078710
5989,39113942
5990,39240212
5991,39533012
5992,40475574
5993,40511845
5994,40849859
5995,40868974
5996,40927684
5997,41148482
5998,41148484
5999,41396792
6000,41396794
6001,41396805
6002,41406850
6003,41407072
6004,41591536
6005,41592339
6006,41651510
6007,41675284
6008,42177160
6009,42177212
6010,42177214
6011,42278458
6012,42555563
6013,42928588
6014,43617460
6015,44121227
6016,44166359
6017,44271649
6018,44271653
6019,44366716
6020,44560372
6021,45271218
6022,45271232
6023,45296705
6024,45440839
6025,45545675
6026,45545755
6027,45545758
6028,45545759
6029,45545760
6030,45545761
6031,45545763
6032,45545764
6033,45545766
6034,45545767
6035,45598002
6036,45679173
6037,45728394
6038,46404643
6039,46404651
6040,46453317
6041,46453323
6042,46453324
6043,46453327
6044,46603983
6045,46720563
6046,46720567
6047,46720761
6048,46882050
6049,47006375
6050,47728656
6051,47739480
6052,47739482
6053,47739483
6054,47997724
6055,48291569
6056,48329315
6057,48329323
6058,48786508
6059,48800503
6060,49745689
6061,50187905
6062,50239446
6063,50664434
6064,50664438
6065,50664440
6066,50664609
6067,50664655
6068,50664659
6069,50664660
6070,51017097
6071,51112197
6072,51112201
6073,51112211
6074,51112212
6075,51112218
6076,51112219
6077,51112220
6078,51114804
6079,51250555
6080,51250559
6081,51250560
6082,51272800
6083,51272803
6084,51272806
6085,51272827
6086,51272842
6087,51293673
6088,51388953
6089,51850893
6090,51922546
6091,51922726
6092,51922728
6093,51922735
6094,51922738
6095,51922742
6096,51922743
6097,51922756
6098,52393236
6099,52393380
6100,52393382
6101,52559969
6102,53027052
6103,53027063
6104,53027067
6105,53027101
6106,53027103
6107,53247391
6108,53357379
6109,53357381
6110,53379974
6111,54760765
6112,54760766
6113,54977433
6114,55288162
6115,55288168
6116,55288170
6117,55662254
6118,56006258
6119,56135428
6120,56209823
6121,56341057
6122,56448052
6123,56538964
6124,56600641
6125,56600655
6126,56600657
6127,56600660
6128,56600669
6129,56602555
6130,57236171
6131,57342418
6132,57379404
6133,57379405
6134,57379412
6135,57379413
6136,57379414
6137,57379418
6138,57379420
6139,57732727
6140,57958651
6141,58383039
6142,59371426
6143,59371428
6144,59759284
6145,4266048
6146,5333018
6147,8736809
6148,8863069
6149,8864419
6150,9763241
6151,9799980
6152,9820237
6153,9934604
6154,9974453
6155,10325065
6156,10359220
6157,10361653
6158,10361759
6159,10362891
6160,10363480
6161,10367019
6162,10443508
6163,11040118
6164,11168653
6165,11235547
6166,11235586
6167,11235601
6168,11235606
6169,25931532
6170,25999031
6171,25999033
6172,28551112
6173,29200567
6174,30547935
6175,30625539
6176,30944695
6177,31243520
6178,31312719
6179,32197421
6180,32215768
6181,32640353
6182,32794383
6183,33457367
6184,34720251
6185,35323416
6186,35703830
6187,35920998
6188,35920999
6189,36230883
6190,36230896
6191,36702686
6192,36702687
6193,36702728
6194,36702791
6195,36738213
6196,36879658
6197,37199223
6198,37453062
6199,37505460
6200,37505468
6201,37505705
6202,37524826
6203,37524842
6204,37799747
6205,37869514
6206,38015077
6207,38015080
6208,38015125
6209,38015128
6210,38118122
6211,38335156
6212,38889329
6213,38889334
6214,39028350
6215,39124262
6216,40075379
6217,40075382
6218,40075383
6219,40121996
6220,40511843
6221,40511849
6222,40733574
6223,40733585
6224,40806999
6225,41148488
6226,41262202
6227,41430462
6228,41675289
6229,41827056
6230,41873303
6231,42177157
6232,42177158
6233,42177159
6234,42177162
6235,42177163
6236,42177164
6237,42177210
6238,42177211
6239,42177215
6240,42928610
6241,43617456
6242,43831688
6243,44144890
6244,44144904
6245,44254284
6246,44827235
6247,45296702
6248,45440885
6249,45446557
6250,45446574
6251,45545753
6252,45545757
6253,45545762
6254,45545765
6255,45589135
6256,45598057
6257,45857522
6258,46453328
6259,46453336
6260,46720480
6261,46720493
6262,46720564
6263,46720566
6264,46720680
6265,46796583
6266,46913227
6267,47728664
6268,47972604
6269,48075014
6270,48329310
6271,48329320
6272,48337511
6273,50114178
6274,50120415
6275,50120417
6276,50574650
6277,50664420
6278,50664651
6279,50664653
6280,50664656
6281,50725090
6282,50745686
6283,51112206
6284,51112210
6285,51130768
6286,51272805
6287,51272810
6288,51272812
6289,51272815
6290,51922541
6291,51922734
6292,51922736
6293,51922740
6294,51922741
6295,51922744
6296,51922746
6297,51922749
6298,51922752
6299,51922754
6300,51922867
6301,52393230
6302,52867936
6303,52983775
6304,53027104
6305,53357380
6306,53357382
6307,53379976
6308,54760764
6309,54977432
6310,55288158
6311,55288160
6312,55288164
6313,55345120
6314,56006253
6315,56006255
6316,56006257
6317,56006259
6318,56135352
6319,56209818
6320,56209824
6321,56222335
6322,56600644
6323,56600648
6324,56600658
6325,57218544
6326,57246671
6327,57379417
6328,57379422
6329,58038995
6330,58276528
6331,59049548
6332,59069403
6333,59345541
6334,59345573
6335,59345578
6336,59345579
6337,59380982
6338,74697
6339,876590
6340,1285796
6341,2082625
6342,4437677
6343,4889231
6344,5003103
6345,5315683
6346,8557902
6347,8762921
6348,8835605
6349,9096683
6350,9196743
6351,9202249
6352,9205488
6353,9294855
6354,9820238
6355,10141591
6356,10145585
6357,10357143
6358,10358468
6359,10386281
6360,10386789
6361,10386795
6362,10395927
6363,11069385
6364,11069386
6365,11077032
6366,11121355
6367,11123781
6368,11235578
6369,11235585
6370,11235592
6371,11235604
6372,24282233
6373,25931600
6374,25989043
6375,26040171
6376,28810990
6377,29581671
6378,31049466
6379,32293159
6380,32640354
6381,32906934
6382,33673702
6383,33673706
6384,33673980
6385,34922531
6386,35560353
6387,36230886
6388,36230890
6389,36230891
6390,36230892
6391,36230893
6392,36230894
6393,36230895
6394,36230899
6395,36260447
6396,36356466
6397,36854700
6398,37186117
6399,37505461
6400,37505465
6401,37524837
6402,37524846
6403,37524850
6404,37524854
6405,37524855
6406,37956192
6407,38015076
6408,38015091
6409,38015122
6410,38015126
6411,38017833
6412,38018030
6413,38059073
6414,38118126
6415,38455681
6416,38893082
6417,38893489
6418,39124089
6419,39124163
6420,39161984
6421,39162008
6422,40075381
6423,40387656
6424,40511858
6425,40511866
6426,40733584
6427,40927758
6428,40927781
6429,41148489
6430,41485320
6431,41485322
6432,42102128
6433,42177154
6434,42177155
6435,42177156
6436,42177161
6437,42177213
6438,42300900
6439,42350849
6440,42393283
6441,43067825
6442,43067826
6443,43623852
6444,44366700
6445,45246717
6446,45246739
6447,45446692
6448,45938445
6449,45938446
6450,45938447
6451,46444843
6452,46453287
6453,46453334
6454,46453338
6455,46720490
6456,46720565
6457,46720569
6458,46863765
6459,46913224
6460,46913364
6461,46913408
6462,46913410
6463,46913448
6464,46971949
6465,47006199
6466,47006215
6467,47739505
6468,47875536
6469,47875547
6470,48032879
6471,48032885
6472,48156736
6473,48156742
6474,48156747
6475,48156748
6476,48156750
6477,48337510
6478,48406241
6479,48406242
6480,48406244
6481,48540086
6482,48540165
6483,50114179
6484,50614606
6485,50664421
6486,50664652
6487,50664826
6488,50725091
6489,50725117
6490,50745646
6491,50745647
6492,51112185
6493,51112188
6494,51112199
6495,51112203
6496,51112205
6497,51112217
6498,51250556
6499,51272804
6500,51272813
6501,51272828
6502,51272830
6503,51272831
6504,51272843
6505,51853646
6506,51922724
6507,51922750
6508,51922755
6509,52029535
6510,52393234
6511,52405483
6512,53027093
6513,53421956
6514,53422007
6515,53422008
6516,54246882
6517,55288154
6518,56006256
6519,56135360
6520,56135430
6521,56209808
6522,56209809
6523,56209826
6524,56557538
6525,56557591
6526,56600646
6527,56600651
6528,56600656
6529,56600663
6530,57048996
6531,57379416
6532,58695297
6533,58995135
6534,59068552
6535,59380990
6536,59457906
6537,60136833
6538,142026
6539,4820322
6540,4836492
6541,5015917
6542,8579170
6543,8928713
6544,9080337
6545,9118613
6546,9205487
6547,9444095
6548,9740051
6549,9764434
6550,9848477
6551,10353695
6552,10395525
6553,10497898
6554,11040129
6555,11069402
6556,11070082
6557,11070083
6558,11070089
6559,11090896
6560,11092624
6561,11121356
6562,11175756
6563,11235549
6564,11274426
6565,23403095
6566,25989038
6567,25989046
6568,25999021
6569,25999026
6570,25999027
6571,25999032
6572,25999034
6573,25999035
6574,25999038
6575,26059068
6576,27957205
6577,27977411
6578,28232257
6579,28407914
6580,28522179
6581,28524135
6582,29200566
6583,31656650
6584,32157261
6585,32659881
6586,32794382
6587,32906911
6588,32906913
6589,33673705
6590,35573524
6591,35573535
6592,35573536
6593,35717760
6594,35757966
6595,35963713
6596,35963714
6597,36208205
6598,36230884
6599,36230898
6600,36230903
6601,36260448
6602,37198899
6603,37505470
6604,37524832
6605,37524839
6606,37524848
6607,37524852
6608,37524853
6609,37540403
6610,38015103
6611,38015104
6612,38015119
6613,38018004
6614,38018006
6615,38059072
6616,38059074
6617,38118124
6618,38455669
6619,38455671
6620,38455683
6621,38455691
6622,38889332
6623,38889335
6624,39124063
6625,39174111
6626,40113080
6627,40733576
6628,40807001
6629,40946231
6630,41122762
6631,41181847
6632,41282676
6633,41329735
6634,41331287
6635,41485319
6636,41591539
6637,41675288
6638,42792401
6639,42928609
6640,43349893
6641,44381113
6642,44714305
6643,45246671
6644,45296701
6645,45446593
6646,45446595
6647,46167540
6648,46319905
6649,46453285
6650,46453286
6651,46453322
6652,46453329
6653,46453337
6654,46453343
6655,46863766
6656,46863767
6657,46882049
6658,46913407
6659,46913445
6660,47006201
6661,47006208
6662,47435143
6663,47461629
6664,47490033
6665,47875537
6666,48032878
6667,48032884
6668,48337509
6669,48395054
6670,48395056
6671,48395057
6672,48395059
6673,48395060
6674,48395062
6675,48406243
6676,48800500
6677,49101088
6678,50664657
6679,50664658
6680,50725109
6681,51112184
6682,51112216
6683,51272844
6684,51272845
6685,51922733
6686,51922745
6687,51922747
6688,51922748
6689,51922751
6690,52893404
6691,52983774
6692,53005887
6693,53421958
6694,53422006
6695,54185271
6696,54810490
6697,56121470
6698,56135354
6699,56135424
6700,56170430
6701,56209810
6702,56538962
6703,56557593
6704,57236156
6705,57236188
6706,57236192
6707,57559600
6708,58468014
6709,58468015
6710,58468016
6711,59068550
6712,59069435
6713,59380986
6714,59380987
6715,59381000
6716,59381002
6717,59549426
6718,4514642
6719,4828248
6720,4828255
6721,4834536
6722,4923034
6723,5003101
6724,5335623
6725,8557744
6726,8574198
6727,9190698
6728,9391821
6729,9664139
6730,9672461
6731,9763083
6732,9764430
6733,9764432
6734,9764433
6735,9820236
6736,9828900
6737,9831717
6738,9891362
6739,9933594
6740,10142013
6741,10159805
6742,10279061
6743,10303709
6744,10365428
6745,10385902
6746,10488754
6747,11054642
6748,11069391
6749,11070087
6750,11070088
6751,11175747
6752,11175748
6753,11175749
6754,11175751
6755,11175752
6756,11175753
6757,11175755
6758,11235590
6759,11235605
6760,11240119
6761,25996505
6762,25999040
6763,26010987
6764,26051568
6765,27979745
6766,28311411
6767,28886825
6768,601932
6769,4531069
6770,9147129
6771,9205492
6772,9403216
6773,9682162
6774,9739803
6775,9889325
6776,28018590
6777,8822686
6778,10521161
6779,23310076
6780,28915495
6781,30021414
6782,30405728
6783,10023244
6784,10400436
6785,10866003
6786,23659285
6787,29010530
6788,29420967
6789,5184121
6790,8628672
6791,8772580
6792,8866269
6793,9263967
6794,9470418
6795,10059347
6796,23229927
6797,28009608
6798,602347
6799,8929637
6800,9119286
6801,9268278
6802,9293808
6803,9974330
6804,11121354
6805,23136415
6806,23136416
6807,23147204
6808,27915146
6809,34007362
6810,36718371
6811,43637443
6812,621420
6813,2961452
6814,4507900
6815,5313540
6816,5335622
6817,5339077
6818,8672729
6819,8672733
6820,8831011
6821,8990060
6822,9982618
6823,10063006
6824,11092606
6825,11207254
6826,11278546
6827,23136414
6828,23830938
6829,25837581
6830,25912886
6831,28113924
6832,30200240
6833,31777271
6834,32371067
6835,32674995
6836,32997356
6837,37757663
6838,5105703
6839,9119646
6840,9151250
6841,9209634
6842,9575980
6843,9667369
6844,10059349
6845,10141662
6846,10159584
6847,11278560
6848,25937118
6849,27926062
6850,28524134
6851,28732772
6852,31505794
6853,41360876
6854,52928346
6855,5313941
6856,8618029
6857,9200465
6858,9205473
6859,9237124
6860,9810359
6861,9949084
6862,9961297
6863,9969871
6864,10054611
6865,10308246
6866,11217124
6867,11255627
6868,28018585
6869,29448649
6870,30065061
6871,31052130
6872,33436139
6873,34345773
6874,36854772
6875,52029550
6876,10386787
6877,10580376
6878,11261888
6879,23483236
6880,23834432
6881,30405748
6882,32279776
6883,34650241
6884,35059050
6885,37050745
6886,40517020
6887,43535941
6888,45501239
6889,1788869
6890,9419217
6891,11217107
6892,27796635
6893,28232256
6894,37832127
6895,44249629
6896,46352788
6897,46971925
6898,47266294
6899,47497519
6900,47748245
6901,54472177
6902,32542
6903,668355
6904,4441651
6905,4535132
6906,4732882
6907,4739603
6908,4789842
6909,4789845
6910,4813589
6911,4990928
6912,4991582
6913,5005533
6914,5005534
6915,5219565
6916,5254742
6917,5313533
6918,5323029
6919,8636891
6920,8638464
6921,8772783
6922,9118467
6923,9209618
6924,9294456
6925,9403247
6926,9445382
6927,10107197
6928,10322700
6929,10431384
6930,25836309
6931,26040175
6932,27803516
6933,28263975
6934,28642559
6935,28763407
6936,28894406
6937,30056967
6938,30779633
6939,31790726
6940,34720322
6941,36462460
6942,37493469
6943,48582036
6944,48912230
6945,32447
6946,668465
6947,3746611
6948,4535130
6949,4922105
6950,4949681
6951,5015935
6952,5211342
6953,5330229
6954,8606390
6955,9079914
6956,9933598
6957,9934606
6958,10054610
6959,33114660
6960,35978768
6961,39861053
6962,44249634
6963,46352789
6964,47266242
6965,47490047
6966,48645711
6967,49874492
6968,52068949
6969,687944
6970,4507910
6971,4732881
6972,4757105
6973,5313555
6974,5314522
6975,5339074
6976,8863023
6977,9595686
6978,9596674
6979,9632833
6980,10054604
6981,10491908
6982,11194465
6983,11283567
6984,23659510
6985,27860578
6986,28196406
6987,28915493
6988,29828951
6989,36732018
6990,37493430
6991,38618385
6992,45230456
6993,45995481
6994,52632154
6995,4441652
6996,5211347
6997,8542866
6998,8692455
6999,9118695
7000,9147116
7001,9151243
7002,9297049
7003,11001554
7004,23495346
7005,30021405
7006,34919229
7007,39612858
7008,53800324
7009,11857
7010,1531056
7011,3947540
7012,4026315
7013,4507932
7014,5185083
7015,5328696
7016,8862118
7017,8866250
7018,8866270
7019,9294854
7020,23922035
7021,28263991
7022,38335297
7023,38335317
7024,45296696
7025,48219322
7026,48684523
7027,54134006
7028,54472179
7029,56135426
7030,56341058
7031,56341125
7032,4414474
7033,4828565
7034,4881546
7035,5339440
7036,8609815
7037,8736817
7038,8875653
7039,8929543
7040,9391237
7041,9729210
7042,10047305
7043,22829137
7044,23309419
7045,27761480
7046,29321547
7047,29432865
7048,35019751
7049,39174109
7050,40525481
7051,42116297
7052,43562389
7053,44214518
7054,46913361
7055,46971931
7056,47466080
7057,50239444
7058,51272829
7059,52438193
7060,56135355
7061,56135432
7062,56400138
7063,8736810
7064,8866251
7065,8875652
7066,9348411
7067,9390753
7068,9712818
7069,9974953
7070,10059352
7071,25999024
7072,29432859
7073,29819346
7074,33743819
7075,36462459
7076,38351044
7077,38477234
7078,38620234
7079,39113942
7080,44560372
7081,46359220
7082,46603983
7083,48329321
7084,48786508
7085,50239446
7086,56135428
7087,56341057
7088,57958651
7089,4266048
7090,5185090
7091,8736809
7092,8863069
7093,10325065
7094,11040118
7095,36738213
7096,46796583
7097,56135352
7098,57218544
7099,5003103
7100,5315683
7101,8762921
7102,8835605
7103,10386789
7104,11123781
7105,27966333
7106,28810990
7107,29581671
7108,32906934
7109,33673980
7110,39636589
7111,47006215
7112,52029535
7113,56135360
7114,56135430
7115,5015917
7116,8928713
7117,9205487
7118,11092624
7119,28524135
7120,36208205
7121,44714305
7122,56135354
7123,56135424
7124,5005535
7125,10279061
7126,10303709
7127,28311411
7128,28390800
7129,28886825
